user_id,active_days,last_active_date,days_since_last_activity,avg_sessions_per_day,total_sessions,churned,churn_risk_score
315,41,2024-06-21,96,1.1219512195121952,46,0,0.9489721570103362
67,30,2024-07-18,69,1.1,33,0,0.9476651106322806
254,38,2024-07-08,79,1.1052631578947367,42,1,0.9449852671995138
403,49,2024-06-27,90,1.1224489795918369,55,0,0.9348959663155058
346,42,2024-06-30,87,1.1428571428571428,48,0,0.9328006304258274
1393,31,2024-08-07,49,1.0967741935483872,34,1,0.9308783301801052
1394,41,2024-07-13,74,1.1219512195121952,46,0,0.9306506290005807
1288,35,2024-08-10,46,1.0857142857142856,38,1,0.9272872764971245
261,37,2024-07-20,67,1.1351351351351353,42,0,0.9233591429272974
24,37,2024-07-10,77,1.1621621621621623,43,0,0.9211817202916277
1378,48,2024-08-09,47,1.0625,51,0,0.9201102919784231
1238,40,2024-06-10,107,1.225,49,0,0.9187618651154671
1222,38,2024-07-15,72,1.1578947368421053,44,1,0.9161987726099159
1033,29,2024-07-06,81,1.206896551724138,35,0,0.9159356917275225
1284,33,2024-06-18,99,1.2424242424242424,41,0,0.911918974194366
1421,47,2024-07-02,85,1.1702127659574468,55,0,0.9102001645626439
560,33,2024-08-26,30,1.0909090909090908,36,1,0.9101671558427231
1425,36,2024-08-01,55,1.1388888888888888,41,0,0.9094455946413106
242,45,2024-08-01,55,1.1111111111111112,50,1,0.9091636053083427
22,48,2024-07-31,56,1.1041666666666667,53,0,0.9090303188498599
983,41,2024-07-04,83,1.1951219512195121,49,0,0.9043437114805976
826,41,2024-07-27,60,1.146341463414634,47,0,0.9027219229322696
1428,36,2024-08-19,37,1.1111111111111112,40,1,0.9023467288234029
723,27,2024-06-11,106,1.2962962962962965,35,0,0.901113243181693
1476,35,2024-07-14,73,1.2,42,1,0.8994021994391732
129,35,2024-07-27,60,1.1714285714285715,41,0,0.8990481742163388
1431,45,2024-07-01,86,1.2,54,1,0.8980322255863264
65,32,2024-07-11,76,1.21875,39,0,0.8978431448683392
1016,30,2024-09-20,5,1.0666666666666669,32,0,0.89729600181165
437,41,2024-06-30,87,1.2195121951219512,50,0,0.8951555258672328
162,36,2024-09-06,19,1.0833333333333333,39,0,0.8947557595348714
750,37,2024-07-08,79,1.2162162162162162,45,0,0.8938613033463833
1323,43,2024-08-14,42,1.116279069767442,48,0,0.89264673712165
1019,36,2024-09-20,5,1.0555555555555556,38,0,0.8924756823893277
135,43,2024-08-16,40,1.116279069767442,48,0,0.889770996292956
954,31,2024-09-25,0,1.064516129032258,33,1,0.889614807666197
279,42,2024-09-07,18,1.0714285714285714,45,0,0.8888878144832253
1094,45,2024-09-05,20,1.0666666666666669,48,1,0.88876810879496
413,38,2024-08-29,27,1.1052631578947367,42,1,0.888187378479043
1382,34,2024-08-16,40,1.147058823529412,39,0,0.8881494335426305
1310,36,2024-08-30,26,1.1111111111111112,40,0,0.8869977891574072
869,38,2024-09-11,14,1.0789473684210527,41,0,0.8863046989939836
670,30,2024-08-30,26,1.1333333333333333,34,1,0.8847527244762737
996,39,2024-09-23,2,1.051282051282051,41,0,0.8846975334334183
889,38,2024-09-24,1,1.0526315789473684,40,0,0.8843944453775917
1196,39,2024-07-17,70,1.2051282051282053,47,1,0.8838147258855381
1362,35,2024-08-20,36,1.1428571428571428,40,0,0.882844386155479
4,42,2024-08-21,35,1.119047619047619,47,1,0.8825425366989743
1464,33,2024-09-16,9,1.0909090909090908,36,0,0.8812402146826411
1251,33,2024-09-17,8,1.0909090909090908,36,0,0.8796792697859854
1054,36,2024-07-29,58,1.1944444444444444,43,1,0.8791154098041034
20,33,2024-09-05,20,1.121212121212121,37,0,0.8772911011930058
836,51,2024-08-31,25,1.0784313725490196,55,0,0.8754337134069952
1353,45,2024-08-15,41,1.1333333333333333,51,0,0.8753280267187457
1002,40,2024-06-10,107,1.3,52,0,0.873226261177843
151,34,2024-08-26,30,1.147058823529412,39,1,0.872546753549428
148,43,2024-08-28,28,1.116279069767442,48,1,0.871067731662018
495,41,2024-09-09,16,1.097560975609756,45,1,0.8696404611368153
512,45,2024-08-19,37,1.1333333333333333,51,1,0.8687086364937521
60,40,2024-09-10,15,1.1,44,1,0.8684830885890116
950,46,2024-06-22,95,1.2608695652173911,58,1,0.8682773177801479
1477,43,2024-08-30,26,1.116279069767442,48,0,0.8676996138268216
1264,40,2024-09-22,3,1.075,43,1,0.8670271040183951
911,45,2024-08-01,55,1.1777777777777778,53,0,0.8656123024659262
227,40,2024-09-12,13,1.1,44,0,0.8650579114784114
722,38,2024-09-01,24,1.1315789473684212,43,1,0.864582303006342
329,37,2024-09-13,12,1.108108108108108,41,1,0.8643465381343337
1466,42,2024-08-22,34,1.1428571428571428,48,0,0.8634784695454946
1135,44,2024-07-13,74,1.2272727272727273,54,0,0.8627183132727678
1429,40,2024-08-11,45,1.175,47,1,0.862556784600846
1352,39,2024-09-14,11,1.1025641025641026,43,0,0.8620143190627412
1375,30,2024-09-13,12,1.1333333333333333,34,0,0.8618325556057151
307,43,2024-09-13,12,1.0930232558139537,47,1,0.8613907605680501
1318,36,2024-09-15,10,1.1111111111111112,40,1,0.8609424411504387
1365,35,2024-09-15,10,1.1142857142857143,39,0,0.8609181255100594
402,36,2024-08-22,34,1.1666666666666667,42,0,0.8595775260035045
941,40,2024-08-13,43,1.175,47,1,0.8590023224488161
757,38,2024-09-16,9,1.1052631578947367,42,0,0.858805120107596
71,33,2024-09-17,8,1.121212121212121,37,0,0.8568110642551228
1190,38,2024-08-13,43,1.1842105263157896,45,0,0.8566456521662342
650,48,2024-09-04,21,1.1041666666666667,53,0,0.8560383823021414
171,33,2024-09-04,21,1.1515151515151516,38,0,0.8558833377921613
1281,36,2024-09-18,7,1.1111111111111112,40,1,0.8555296957243984
1257,41,2024-09-07,18,1.1219512195121952,46,0,0.853983592163642
1212,41,2024-07-15,72,1.2439024390243902,51,0,0.8533101392466982
234,39,2024-08-27,29,1.1538461538461537,45,0,0.8532141175371618
428,30,2024-09-03,22,1.1666666666666667,35,0,0.8530249443756895
538,43,2024-08-08,48,1.186046511627907,51,0,0.8514215988266532
1082,45,2024-07-30,57,1.2,54,1,0.8513781493328334
465,36,2024-09-08,17,1.1388888888888888,41,0,0.8511067277382983
632,39,2024-09-20,5,1.1025641025641026,43,1,0.8510849819561759
541,50,2024-08-10,46,1.16,58,1,0.8510471940125895
1457,44,2024-08-29,27,1.1363636363636365,50,1,0.8509447410116253
102,36,2024-08-02,54,1.222222222222222,44,1,0.8508276686269364
105,42,2024-09-09,16,1.119047619047619,47,1,0.8500435229384031
1412,37,2024-08-28,28,1.1621621621621623,43,0,0.8496419059387903
201,36,2024-09-09,16,1.1388888888888888,41,0,0.8492174847777321
1349,39,2024-09-10,15,1.1282051282051282,44,0,0.8483764893298918
381,39,2024-09-10,15,1.1282051282051282,44,0,0.8483764893298918
194,43,2024-07-10,77,1.255813953488372,54,0,0.8474365553007809
1354,53,2024-08-21,35,1.1320754716981132,60,0,0.845790598019401
1404,49,2024-08-22,34,1.1428571428571428,56,0,0.8454026874335056
16,36,2024-09-11,14,1.1388888888888888,41,0,0.8453798897255377
1341,32,2024-09-23,2,1.125,36,0,0.8449865735827128
705,48,2024-09-10,15,1.1041666666666667,53,0,0.8447209769608841
1050,34,2024-09-24,1,1.1176470588235294,38,0,0.8439636275677549
1101,34,2024-09-24,1,1.1176470588235294,38,0,0.8439636275677549
903,29,2024-09-22,3,1.1379310344827587,33,0,0.8438956737758672
678,48,2024-09-11,14,1.1041666666666667,53,1,0.8427656767798984
299,50,2024-08-24,32,1.14,57,1,0.8412330911139768
987,48,2024-08-15,41,1.1666666666666667,56,0,0.8410656155273573
989,31,2024-08-27,29,1.1935483870967742,37,0,0.8407518395563826
766,36,2024-09-01,24,1.1666666666666667,42,0,0.8407040426460705
1250,48,2024-07-28,59,1.2083333333333333,58,0,0.8399239794047019
391,44,2024-09-04,21,1.1363636363636365,50,0,0.8393020740878894
316,45,2024-09-04,21,1.1333333333333333,51,1,0.8392007671855286
304,44,2024-08-25,31,1.1590909090909092,51,1,0.8390391145471829
932,41,2024-09-04,21,1.146341463414634,47,0,0.8388144555780563
719,39,2024-09-15,10,1.1282051282051282,44,1,0.8385893173329335
1018,41,2024-09-15,10,1.1219512195121952,46,1,0.8385590126687611
745,46,2024-08-16,40,1.1739130434782608,54,0,0.838215440826114
232,42,2024-08-25,31,1.1666666666666667,49,1,0.8378857741772346
352,30,2024-09-11,14,1.1666666666666667,35,0,0.8375183647331511
778,35,2024-07-26,61,1.2571428571428571,44,0,0.8368311598268721
248,46,2024-09-15,10,1.108695652173913,51,1,0.8363416055223751
939,33,2024-09-01,24,1.1818181818181819,39,1,0.8355742125021851
235,36,2024-09-16,9,1.1388888888888888,41,0,0.8354368097615189
1399,38,2024-09-05,20,1.1578947368421053,44,0,0.8348745041692567
855,33,2024-09-15,10,1.1515151515151516,38,0,0.8345702611789005
1398,50,2024-07-23,64,1.22,61,0,0.8338433123797558
93,48,2024-08-28,28,1.1458333333333333,55,0,0.8335657475005153
1302,48,2024-08-19,37,1.1666666666666667,56,0,0.8329742014491592
134,40,2024-08-27,29,1.175,47,1,0.8319337741307217
1073,42,2024-08-28,28,1.1666666666666667,49,1,0.8317509468625214
1118,33,2024-09-03,22,1.1818181818181819,39,0,0.8314582951026737
850,45,2024-07-21,66,1.2444444444444445,56,0,0.8299244632201838
1060,35,2024-09-19,6,1.1428571428571428,40,0,0.8284550148670329
1343,33,2024-09-18,7,1.1515151515151516,38,0,0.8283356717274274
797,31,2024-09-17,8,1.1612903225806452,36,0,0.8271628841390906
1232,36,2024-08-14,42,1.222222222222222,44,0,0.8268028642268604
697,39,2024-08-29,27,1.1794871794871795,46,1,0.826475549493099
773,41,2024-09-21,4,1.1219512195121952,46,0,0.8261465551644646
658,46,2024-09-20,5,1.108695652173913,51,1,0.8259369778555214
712,46,2024-09-20,5,1.108695652173913,51,1,0.8259369778555214
1456,31,2024-09-18,7,1.1612903225806452,36,1,0.8250322849134071
925,35,2024-09-08,17,1.1714285714285715,41,1,0.8247637350024574
44,45,2024-09-11,14,1.1333333333333333,51,1,0.8246936038899438
820,54,2024-09-25,0,1.074074074074074,58,0,0.824271391494285
951,48,2024-09-02,23,1.1458333333333333,55,1,0.8230219879169098
343,30,2024-09-18,7,1.1666666666666667,35,0,0.822891449918691
125,30,2024-09-18,7,1.1666666666666667,35,0,0.822891449918691
1482,42,2024-07-21,66,1.261904761904762,53,1,0.822300459746855
946,37,2024-09-11,14,1.1621621621621623,43,0,0.821150503588786
82,46,2024-08-05,51,1.217391304347826,56,0,0.8206415485017804
1195,27,2024-09-15,10,1.1851851851851851,32,1,0.8206088442506079
430,42,2024-08-23,33,1.1904761904761905,50,1,0.8197758182341353
3,33,2024-08-26,30,1.212121212121212,40,0,0.819697830826077
1329,39,2024-09-24,1,1.1282051282051282,44,1,0.8196961877609462
1368,57,2024-09-17,8,1.087719298245614,62,0,0.8193037355280687
1125,41,2024-08-23,33,1.1951219512195121,49,1,0.818304149640579
1278,32,2024-09-22,3,1.15625,37,0,0.8181755430482979
79,42,2024-08-24,32,1.1904761904761905,50,0,0.8175742402551489
1299,33,2024-09-23,2,1.1515151515151516,38,0,0.8175331100184364
603,41,2024-09-25,0,1.1219512195121952,46,1,0.8174604504161314
1345,46,2024-09-05,20,1.1521739130434785,53,1,0.8163955684812635
1462,37,2024-07-27,60,1.2702702702702704,47,1,0.8163250891027602
1485,38,2024-09-14,11,1.1578947368421053,44,0,0.8156421473672063
410,35,2024-09-25,0,1.1428571428571428,40,0,0.8154366887203465
1268,33,2024-09-24,1,1.1515151515151516,38,0,0.8153103078405879
317,48,2024-09-15,10,1.125,54,1,0.8148580969772441
1162,38,2024-08-22,34,1.2105263157894737,46,1,0.8146093161669479
947,34,2024-09-25,0,1.147058823529412,39,0,0.8143818525628302
1286,27,2024-09-18,7,1.1851851851851851,32,0,0.8139653758861718
1021,33,2024-09-25,0,1.1515151515151516,38,0,0.8130666191475245
250,37,2024-07-17,70,1.2972972972972971,48,1,0.8117267945329067
1309,46,2024-09-17,8,1.1304347826086956,52,0,0.8112065099642655
1321,31,2024-09-10,15,1.1935483870967742,37,0,0.8109506830348044
228,34,2024-09-01,24,1.2058823529411764,41,0,0.8093477830604182
1062,36,2024-07-16,71,1.3055555555555556,47,0,0.8088086704299606
614,36,2024-09-16,9,1.1666666666666667,42,0,0.8086112259563814
1419,42,2024-08-28,28,1.1904761904761905,50,0,0.808559090622068
209,51,2024-09-17,8,1.1176470588235294,57,1,0.8082201485841534
399,48,2024-09-18,7,1.125,54,1,0.8080514745170334
788,32,2024-08-02,54,1.28125,41,0,0.8075230642042797
524,46,2024-09-09,16,1.1521739130434785,53,0,0.8073358973233802
1040,44,2024-09-19,6,1.1363636363636365,50,0,0.8069916522180731
206,38,2024-09-18,7,1.1578947368421053,44,1,0.8065541088187423
11,38,2024-09-18,7,1.1578947368421053,44,0,0.8065541088187423
1392,38,2024-09-18,7,1.1578947368421053,44,1,0.8065541088187423
967,38,2024-08-26,30,1.2105263157894737,46,0,0.805482505728095
1437,36,2024-09-05,20,1.1944444444444444,43,0,0.805417310845154
165,47,2024-09-10,15,1.148936170212766,54,1,0.8051158819087999
593,33,2024-09-15,10,1.1818181818181819,39,0,0.805028826838841
1152,34,2024-09-16,9,1.176470588235294,40,0,0.8049877840260045
1069,38,2024-09-07,18,1.1842105263157896,45,0,0.8048568088006766
858,46,2024-08-22,34,1.1956521739130437,55,1,0.8041282670395398
108,43,2024-09-10,15,1.1627906976744187,50,1,0.8037857010412269
344,43,2024-08-31,25,1.186046511627907,51,1,0.8029258822167562
1142,43,2024-09-21,4,1.1395348837209303,49,1,0.8023008223161091
449,42,2024-09-21,4,1.1428571428571428,48,0,0.8021137028465624
1408,40,2024-09-21,4,1.15,46,0,0.801214839856034
281,31,2024-08-31,25,1.2258064516129032,38,0,0.8007900528457632
714,46,2024-09-12,13,1.1521739130434785,53,1,0.8003204938393763
1030,40,2024-08-08,48,1.25,50,1,0.7998459163773876
605,39,2024-09-10,15,1.1794871794871795,46,0,0.7994531863240772
892,39,2024-08-30,26,1.2051282051282053,47,0,0.7984281373588256
713,46,2024-09-13,12,1.1521739130434785,53,1,0.7979398334261848
665,45,2024-09-23,2,1.1333333333333333,51,1,0.7974617484382968
961,44,2024-09-13,12,1.1590909090909092,51,0,0.7972682719681886
47,49,2024-08-08,48,1.2244897959183672,60,0,0.7968821712406481
218,43,2024-09-13,12,1.1627906976744187,50,0,0.7966735825861156
253,40,2024-09-23,2,1.15,46,0,0.7964483592372765
940,36,2024-09-09,16,1.1944444444444444,43,0,0.7959513277557153
1351,47,2024-09-14,11,1.148936170212766,54,0,0.7956389557126556
1494,47,2024-09-14,11,1.148936170212766,54,0,0.7956389557126556
1249,33,2024-09-19,6,1.1818181818181819,39,0,0.7955487423034239
1484,34,2024-09-20,5,1.176470588235294,40,0,0.7955062107952051
798,35,2024-09-21,4,1.1714285714285715,41,0,0.7951347751943287
1241,46,2024-09-24,1,1.1304347826086956,52,1,0.7947913156168442
202,41,2024-09-24,1,1.146341463414634,47,1,0.7945893244112243
1001,44,2024-08-25,31,1.2045454545454544,53,1,0.7942244246575484
424,43,2024-08-14,42,1.2325581395348837,53,0,0.7940158387944016
1093,47,2024-08-27,29,1.1914893617021276,56,1,0.7932913834445839
900,39,2024-09-24,1,1.1538461538461537,45,0,0.793273050190351
57,42,2024-08-24,32,1.2142857142857144,51,1,0.7929147674705386
668,32,2024-09-06,19,1.21875,39,0,0.7905296743035823
725,24,2024-09-22,3,1.2083333333333333,29,0,0.7901743399869482
1025,48,2024-08-01,55,1.25,60,0,0.7896580902981578
1406,43,2024-09-16,9,1.1627906976744187,50,1,0.7893712264074015
741,37,2024-09-01,24,1.2162162162162162,45,1,0.7883654863539676
56,31,2024-09-20,5,1.1935483870967742,37,0,0.7871598125536269
1216,52,2024-09-17,8,1.1346153846153846,59,0,0.7867620997107236
533,38,2024-09-15,10,1.1842105263157896,45,1,0.7855458870584149
834,34,2024-08-29,27,1.2352941176470589,42,1,0.7851305135796927
586,47,2024-09-09,16,1.1702127659574468,55,0,0.7846114468522656
443,47,2024-09-09,16,1.1702127659574468,55,0,0.7846114468522656
1058,28,2024-09-16,9,1.2142857142857144,34,0,0.7845645925981195
1039,33,2024-08-28,28,1.2424242424242424,41,1,0.783180110217379
816,42,2024-08-28,28,1.2142857142857144,51,0,0.783004431863276
245,44,2024-09-19,6,1.1590909090909092,51,1,0.7825045630393642
1486,47,2024-08-22,34,1.2127659574468084,57,1,0.7821718788022852
1248,48,2024-09-01,24,1.1875,57,1,0.7818219197582986
1174,35,2024-09-01,24,1.2285714285714286,43,0,0.7815952457984795
1426,52,2024-09-02,23,1.1730769230769231,61,0,0.7813753208517251
1014,39,2024-09-06,19,1.2051282051282053,47,1,0.7812015633768014
1273,50,2024-09-20,5,1.14,57,1,0.7802280201701471
927,31,2024-09-23,2,1.1935483870967742,37,0,0.7796102965336397
45,28,2024-09-18,7,1.2142857142857144,34,0,0.7795087409591722
724,37,2024-09-17,8,1.1891891891891893,44,0,0.7784214266175152
823,42,2024-07-19,68,1.3095238095238095,55,0,0.7767536437594792
1004,34,2024-07-24,63,1.323529411764706,45,0,0.7766724556503538
1203,52,2024-08-18,38,1.2115384615384617,63,0,0.7758912244006081
91,41,2024-08-19,37,1.2439024390243902,51,0,0.7758630587068938
815,48,2024-09-22,3,1.1458333333333333,55,0,0.7756228728359046
69,46,2024-09-13,12,1.1739130434782608,54,1,0.7737735282527092
898,46,2024-09-23,2,1.1521739130434785,53,1,0.7729699996305806
484,40,2024-08-30,26,1.225,49,0,0.7728253971149022
1453,45,2024-09-23,2,1.1555555555555557,52,0,0.7726940329516356
1373,41,2024-09-22,3,1.170731707317073,48,1,0.7722788039648203
77,50,2024-08-19,37,1.22,61,1,0.7707724978056604
6,42,2024-09-23,2,1.1666666666666667,49,0,0.770737938573214
702,43,2024-09-13,12,1.186046511627907,51,0,0.7706314260423552
133,30,2024-09-25,0,1.2,36,0,0.7706290095600689
729,47,2024-09-05,20,1.1914893617021276,56,0,0.7705468850708941
1186,41,2024-09-01,24,1.2195121951219512,50,0,0.7703288154944791
795,49,2024-09-24,1,1.1428571428571428,56,0,0.7702224251243388
387,34,2024-09-17,8,1.2058823529411764,41,0,0.7700303184004289
408,41,2024-09-23,2,1.170731707317073,48,0,0.7696600409039326
244,41,2024-09-23,2,1.170731707317073,48,1,0.7696600409039326
730,33,2024-09-16,9,1.212121212121212,40,0,0.7690316443730456
592,43,2024-09-24,1,1.1627906976744187,50,0,0.7689677638661263
124,53,2024-09-07,18,1.169811320754717,62,1,0.7685868695925624
1308,25,2024-09-15,10,1.24,31,0,0.7684622536385196
1461,37,2024-09-21,4,1.1891891891891893,44,0,0.7680204160311902
186,49,2024-09-25,0,1.1428571428571428,56,1,0.7675871307376202
220,53,2024-09-16,9,1.1509433962264153,61,1,0.7670294004635855
752,40,2024-09-02,23,1.225,49,1,0.7649192790318036
993,34,2024-09-06,19,1.2352941176470589,42,1,0.7644388439906421
842,46,2024-09-07,18,1.1956521739130437,55,0,0.7640482084366423
147,42,2024-09-15,10,1.1904761904761905,50,0,0.7638162687177158
1128,46,2024-09-17,8,1.1739130434782608,54,1,0.7632207070799608
493,31,2024-09-15,10,1.2258064516129032,38,0,0.7629235368556812
1087,31,2024-09-15,10,1.2258064516129032,38,0,0.7629235368556812
1218,37,2024-09-23,2,1.1891891891891893,44,0,0.762693741061711
888,43,2024-09-06,19,1.2093023255813953,52,0,0.7616858379339052
364,36,2024-09-23,2,1.1944444444444444,43,0,0.7601580144347934
885,43,2024-09-17,8,1.186046511627907,51,1,0.7599775004077852
153,35,2024-09-22,3,1.2,42,1,0.7599549555969525
415,40,2024-08-24,32,1.25,50,1,0.7591520419937258
540,34,2024-08-13,43,1.2941176470588236,44,1,0.7584520351688833
975,45,2024-07-31,56,1.2888888888888888,58,1,0.7582198474039453
669,46,2024-08-21,35,1.2391304347826089,57,1,0.7576208167393523
199,39,2024-09-15,10,1.2051282051282053,47,0,0.7575333917907642
182,37,2024-09-13,12,1.2162162162162162,45,0,0.7571522139965484
144,37,2024-07-27,60,1.3243243243243243,49,1,0.7566269506361615
1107,49,2024-08-15,41,1.2448979591836735,61,0,0.7555025528410834
222,36,2024-09-25,0,1.1944444444444444,43,0,0.754708463940737
269,35,2024-09-24,1,1.2,42,0,0.754502281368117
562,37,2024-09-02,23,1.2432432432432432,46,1,0.7542825716994908
247,45,2024-09-20,5,1.1777777777777778,53,0,0.7542038439633735
1204,39,2024-09-05,20,1.2307692307692308,48,0,0.7536159499877397
1499,33,2024-09-22,3,1.212121212121212,40,0,0.7528490823141993
1184,38,2024-09-04,21,1.236842105263158,47,0,0.7527731849646334
359,39,2024-09-17,8,1.2051282051282053,47,0,0.7520436585652024
1450,43,2024-08-20,36,1.255813953488372,54,1,0.7514883507539727
523,26,2024-09-24,1,1.2307692307692308,32,0,0.7514596685165763
1046,30,2024-09-18,7,1.2333333333333332,37,0,0.749379309470558
306,54,2024-08-04,52,1.2592592592592593,68,1,0.748841778697298
18,42,2024-09-10,15,1.2142857142857144,51,1,0.7484681289194947
457,42,2024-09-10,15,1.2142857142857144,51,1,0.7484681289194947
981,34,2024-09-25,0,1.2058823529411764,41,0,0.7483505951343185
747,34,2024-09-25,0,1.2058823529411764,41,0,0.7483505951343185
1314,41,2024-09-20,5,1.1951219512195121,49,1,0.7483126086604358
1138,48,2024-09-23,2,1.1666666666666667,56,1,0.7479616996183949
468,45,2024-09-03,22,1.222222222222222,55,0,0.7463896243125003
971,27,2024-09-12,13,1.2592592592592593,34,0,0.7455923338281665
1391,28,2024-08-14,42,1.3214285714285714,37,0,0.7452677168891829
677,25,2024-09-24,1,1.24,31,0,0.7438678495692609
350,38,2024-09-19,6,1.2105263157894737,46,0,0.7436403712059158
1172,41,2024-09-11,14,1.2195121951219512,50,0,0.7430456769444993
1147,41,2024-09-22,3,1.1951219512195121,49,0,0.742685019647757
616,38,2024-08-27,29,1.263157894736842,48,0,0.7423315934235588
467,48,2024-09-25,0,1.1666666666666667,56,1,0.7423289661817196
407,47,2024-09-06,19,1.2127659574468084,57,0,0.7419069707182075
1325,42,2024-09-23,2,1.1904761904761905,50,0,0.7417472034532687
302,46,2024-09-25,0,1.1739130434782608,54,0,0.7411148540075105
321,45,2024-09-05,20,1.222222222222222,55,1,0.740733935463235
744,45,2024-09-15,10,1.2,54,1,0.7404667683064935
398,43,2024-08-24,32,1.255813953488372,54,0,0.7402449620932303
689,32,2024-09-25,0,1.21875,39,0,0.7400700797681813
272,41,2024-09-23,2,1.1951219512195121,49,0,0.7398405780009711
919,40,2024-08-31,25,1.25,50,0,0.7396633378583871
1245,46,2024-09-16,9,1.1956521739130437,55,1,0.7391440939720825
1346,45,2024-08-07,49,1.2888888888888888,58,1,0.7386816778012398
267,39,2024-09-22,3,1.2051282051282053,47,1,0.7379589211773555
1151,36,2024-08-25,31,1.277777777777778,46,0,0.7374386084744053
83,34,2024-09-16,9,1.2352941176470589,42,0,0.7366951802599004
1328,42,2024-08-24,32,1.261904761904762,53,0,0.7364811983884398
1317,35,2024-09-05,20,1.2571428571428571,44,0,0.7362887062873711
557,38,2024-09-22,3,1.2105263157894737,46,1,0.7350667493667308
1339,44,2024-08-27,29,1.25,55,0,0.7350508991557527
619,37,2024-09-09,16,1.2432432432432432,46,1,0.7345376275262719
837,41,2024-09-25,0,1.1951219512195121,49,1,0.7340908720795103
691,39,2024-09-12,13,1.2307692307692308,48,1,0.733836340833622
19,51,2024-09-02,23,1.215686274509804,62,1,0.7335636599906642
1374,46,2024-09-18,7,1.1956521739130437,55,0,0.733384542344276
825,44,2024-09-07,18,1.2272727272727273,54,1,0.7325344168459764
966,30,2024-09-24,1,1.2333333333333332,37,0,0.7322991344542277
464,37,2024-09-10,15,1.2432432432432432,46,1,0.7316356659986232
662,38,2024-08-31,25,1.263157894736842,48,0,0.7308223179533395
827,34,2024-09-05,20,1.2647058823529411,43,0,0.73057678279919
864,43,2024-09-07,18,1.2325581395348837,53,1,0.7297512788863144
701,45,2024-09-09,16,1.222222222222222,55,1,0.7291793322143263
75,50,2024-09-21,4,1.18,59,0,0.7286354886943149
840,40,2024-09-15,10,1.225,49,1,0.7285026438592974
491,31,2024-09-13,12,1.2580645161290325,39,0,0.7281323766198675
998,31,2024-09-13,12,1.2580645161290325,39,0,0.7281323766198675
629,36,2024-09-22,3,1.222222222222222,44,0,0.7280454077618558
1294,36,2024-09-10,15,1.25,45,1,0.7269199104947192
187,35,2024-09-21,4,1.2285714285714286,43,0,0.7267842246490145
1388,35,2024-08-27,29,1.2857142857142856,45,0,0.7253885540900136
292,36,2024-09-23,2,1.222222222222222,44,0,0.7250990360568916
1065,40,2024-08-25,31,1.275,51,1,0.7247050066479845
389,47,2024-09-03,22,1.2340425531914894,58,0,0.7230676598335265
1459,31,2024-09-15,10,1.2580645161290325,39,0,0.7222210644950644
1042,39,2024-09-16,9,1.2307692307692308,48,0,0.7220896672528925
587,40,2024-08-15,41,1.3,52,1,0.721305643861881
1037,37,2024-09-14,11,1.2432432432432432,46,0,0.7198289499744273
188,37,2024-09-02,23,1.2702702702702704,47,0,0.719685003233364
991,37,2024-08-21,35,1.2972972972972971,48,0,0.7195410113502313
896,36,2024-09-25,0,1.222222222222222,44,0,0.7191472088887743
170,34,2024-09-22,3,1.2352941176470589,42,0,0.719074622785427
908,44,2024-09-22,3,1.2045454545454544,53,0,0.7181519328815136
106,44,2024-09-12,13,1.2272727272727273,54,1,0.7177573945624277
1104,48,2024-09-15,10,1.2083333333333333,58,1,0.7172670489714659
1124,47,2024-09-24,1,1.1914893617021276,56,0,0.7169968674554775
487,34,2024-09-23,2,1.2352941176470589,42,0,0.7160689642891497
530,43,2024-09-22,3,1.2093023255813953,52,0,0.7159884191421771
231,38,2024-09-05,20,1.263157894736842,48,0,0.7159873790260046
556,46,2024-09-24,1,1.1956521739130437,55,0,0.7156279552471718
738,28,2024-09-25,0,1.25,35,0,0.7156264046348477
959,48,2024-08-28,28,1.25,60,0,0.715536920587802
1131,34,2024-08-28,28,1.2941176470588236,44,0,0.7153979478290677
377,48,2024-09-25,0,1.1875,57,0,0.7151179555969431
830,43,2024-09-12,13,1.2325581395348837,53,1,0.7148803413723382
518,45,2024-09-24,1,1.2,54,1,0.7140053479012518
901,47,2024-09-25,0,1.1914893617021276,56,0,0.7139778211474028
333,38,2024-09-18,7,1.236842105263158,47,0,0.7121449263031816
1254,45,2024-08-16,40,1.2888888888888888,58,1,0.712109016069626
42,37,2024-09-17,8,1.2432432432432432,46,1,0.7107687147449623
1455,49,2024-09-18,7,1.2040816326530612,59,1,0.7096689316270298
957,41,2024-09-23,2,1.2195121951219512,50,0,0.7076271863444503
686,30,2024-09-18,7,1.2666666666666668,38,0,0.7057697180090408
370,49,2024-07-27,60,1.326530612244898,65,0,0.7048007047866988
809,36,2024-09-05,20,1.277777777777778,46,0,0.7046535793721878
441,41,2024-09-14,11,1.2439024390243902,51,0,0.7018480782338314
195,42,2024-09-05,20,1.261904761904762,53,0,0.7005225517017597
521,35,2024-09-17,8,1.2571428571428571,44,0,0.7003144812557989
354,38,2024-09-22,3,1.236842105263158,47,0,0.69983251773518
1313,38,2024-09-22,3,1.236842105263158,47,1,0.69983251773518
949,41,2024-09-15,10,1.2439024390243902,51,0,0.698735329063652
275,34,2024-09-16,9,1.2647058823529411,43,0,0.69728665831234
431,34,2024-09-16,9,1.2647058823529411,43,0,0.69728665831234
326,49,2024-09-04,21,1.2448979591836735,61,0,0.6966844815845625
1376,51,2024-09-23,2,1.196078431372549,61,0,0.6965585526457186
807,39,2024-09-13,12,1.2564102564102564,49,0,0.6963172588901805
1106,45,2024-09-20,5,1.222222222222222,55,0,0.6957884373778214
229,37,2024-09-22,3,1.2432432432432432,46,0,0.6952893828537803
1396,40,2024-09-15,10,1.25,50,1,0.6946087621131163
258,42,2024-09-18,7,1.238095238095238,52,0,0.6930459151034505
879,32,2024-09-13,12,1.28125,41,1,0.6923427658921639
360,37,2024-09-23,2,1.2432432432432432,46,0,0.6921381955802618
286,40,2024-09-16,9,1.25,50,1,0.6914536596867809
383,37,2024-07-26,61,1.3783783783783785,51,0,0.6882038473868337
764,42,2024-09-09,16,1.261904761904762,53,1,0.6879308643872212
84,36,2024-08-29,27,1.3055555555555556,47,0,0.6877723653768826
1181,43,2024-09-21,4,1.2325581395348837,53,0,0.68691322103157
868,39,2024-09-16,9,1.2564102564102564,49,0,0.6868274887901533
114,36,2024-08-17,39,1.3333333333333333,48,0,0.6865519540489446
390,36,2024-08-30,26,1.3055555555555556,47,1,0.6845787064271341
1416,33,2024-09-18,7,1.2727272727272727,42,0,0.6840617657047153
728,50,2024-08-31,25,1.26,63,1,0.6835755464451898
10,47,2024-09-16,9,1.2340425531914894,58,1,0.6828557836287849
406,37,2024-09-14,11,1.2702702702702704,47,0,0.6824227233659346
191,42,2024-09-22,3,1.238095238095238,52,0,0.6802833413426673
353,41,2024-09-10,15,1.2682926829268293,52,1,0.6800899415074046
1143,42,2024-09-01,24,1.2857142857142856,54,1,0.6795486044111996
1121,51,2024-09-11,14,1.2352941176470589,63,0,0.6791059242914703
1111,48,2024-09-18,7,1.2291666666666667,59,0,0.67889886232524
627,34,2024-09-22,3,1.2647058823529411,43,0,0.6781809123891904
1390,33,2024-09-20,5,1.2727272727272727,42,0,0.6776164767286876
1095,45,2024-09-16,9,1.2444444444444445,56,1,0.6769361931516301
388,41,2024-09-22,3,1.2439024390243902,51,0,0.676441515741389
1359,35,2024-09-12,13,1.2857142857142856,45,0,0.6756944562172658
1490,42,2024-09-13,12,1.261904761904762,53,1,0.6750553318258126
54,39,2024-08-28,28,1.3076923076923077,51,0,0.6743823838043048
1436,43,2024-09-25,0,1.2325581395348837,53,1,0.6740155977677068
589,29,2024-09-10,15,1.3103448275862069,38,0,0.6738362568255843
573,42,2024-09-24,1,1.238095238095238,52,0,0.6737977279432533
1427,42,2024-09-24,1,1.238095238095238,52,0,0.6737977279432533
1401,46,2024-09-18,7,1.2391304347826089,57,1,0.6735779835231677
1446,41,2024-09-23,2,1.2439024390243902,51,0,0.6731870302251503
335,37,2024-09-05,20,1.2972972972972971,48,1,0.6725457053064194
1304,42,2024-08-13,43,1.3333333333333333,56,1,0.6723119032121254
1338,46,2024-09-09,16,1.2608695652173911,58,1,0.6713211098515248
1105,44,2024-08-28,28,1.2954545454545456,57,1,0.6693075872131595
1146,33,2024-09-23,2,1.2727272727272727,42,0,0.6678211057282373
977,38,2024-09-21,4,1.263157894736842,48,0,0.6653768207781972
336,40,2024-09-02,23,1.3,52,0,0.6646286327524575
699,48,2024-08-07,49,1.3333333333333333,64,1,0.664393205758656
100,27,2024-09-22,3,1.2962962962962965,35,0,0.6641997636691922
287,53,2024-09-17,8,1.2264150943396226,65,1,0.663250171027518
760,40,2024-09-25,0,1.25,50,0,0.6622742190547285
1156,26,2024-09-19,6,1.3076923076923077,34,0,0.6619512236337983
748,39,2024-09-24,1,1.2564102564102564,49,0,0.660759640491354
394,32,2024-09-23,2,1.28125,41,0,0.6598857785174261
446,38,2024-09-23,2,1.263157894736842,48,1,0.6587405111119526
368,38,2024-09-23,2,1.263157894736842,48,0,0.6587405111119526
177,42,2024-09-18,7,1.261904761904762,53,1,0.6585827707292231
1383,47,2024-09-14,11,1.2553191489361701,59,1,0.6583437135227691
166,42,2024-08-28,28,1.3095238095238095,55,0,0.6578232480767386
1445,30,2024-09-19,6,1.3,39,0,0.6546894649943696
776,38,2024-09-01,24,1.3157894736842104,50,0,0.653849107255338
1098,32,2024-09-25,0,1.28125,41,0,0.6531973291817351
173,36,2024-09-21,4,1.277777777777778,46,1,0.6530021721448236
735,30,2024-08-21,35,1.3666666666666667,41,0,0.6522758388377891
164,34,2024-09-17,8,1.2941176470588236,44,0,0.651383890507526
276,34,2024-09-17,8,1.2941176470588236,44,0,0.651383890507526
543,34,2024-09-04,21,1.323529411764706,45,0,0.6510093325229052
818,43,2024-09-01,24,1.3023255813953487,56,1,0.6504663418360251
36,37,2024-08-31,25,1.3243243243243243,49,1,0.6491240751069453
157,51,2024-07-30,57,1.352941176470588,69,0,0.647847562895754
494,29,2024-09-18,7,1.3103448275862069,38,0,0.6472424377676215
1430,41,2024-09-20,5,1.2682926829268293,52,0,0.6469993851116059
1327,44,2024-09-14,11,1.2727272727272727,56,0,0.6463850323273714
938,43,2024-09-13,12,1.2790697674418603,55,1,0.6449400045738629
921,45,2024-09-16,9,1.2666666666666668,57,0,0.6440092259918395
23,44,2024-09-25,0,1.25,55,0,0.6434349192450507
439,46,2024-09-08,17,1.282608695652174,59,0,0.6422796439938057
578,45,2024-08-18,38,1.3333333333333333,60,1,0.6415618193381664
482,41,2024-09-22,3,1.2682926829268293,52,0,0.6401956959875925
1469,41,2024-09-22,3,1.2682926829268293,52,0,0.6401956959875925
1187,32,2024-09-15,10,1.3125,42,0,0.6398765084715545
226,36,2024-09-25,0,1.277777777777778,46,0,0.6394408465603169
613,35,2024-09-23,2,1.2857142857142856,45,1,0.6389741169599221
320,35,2024-09-23,2,1.2857142857142856,45,0,0.6389741169599221
636,42,2024-09-24,1,1.261904761904762,53,0,0.6383013637804675
1300,48,2024-09-21,4,1.25,60,0,0.6379520898055652
154,41,2024-09-23,2,1.2682926829268293,52,1,0.6367724004313166
1434,35,2024-09-24,1,1.2857142857142856,45,0,0.6355458154247783
598,37,2024-09-04,21,1.3243243243243243,49,0,0.6354957884840219
504,39,2024-08-29,27,1.3333333333333333,52,0,0.6326775313748583
1112,39,2024-09-21,4,1.282051282051282,50,0,0.6321967016083343
1489,35,2024-09-25,0,1.2857142857142856,45,0,0.632103702721738
469,35,2024-09-25,0,1.2857142857142856,45,1,0.632103702721738
916,40,2024-09-01,24,1.325,53,1,0.6303077111635538
851,40,2024-09-24,1,1.275,51,1,0.6278472679506943
1188,40,2024-09-24,1,1.275,51,0,0.6278472679506943
894,43,2024-09-18,7,1.2790697674418603,55,0,0.6277825703029144
1364,50,2024-09-08,17,1.28,64,1,0.6270022919970354
963,39,2024-09-23,2,1.282051282051282,50,1,0.6252729495092864
1377,45,2024-09-22,3,1.2666666666666668,57,1,0.6233572030687586
215,38,2024-09-10,15,1.3157894736842104,50,0,0.6230520987649664
601,32,2024-09-06,19,1.34375,43,0,0.6228592491814435
404,38,2024-09-22,3,1.2894736842105263,49,0,0.622114885006118
1337,51,2024-09-02,23,1.2941176470588236,66,0,0.6211051415571038
291,36,2024-09-18,7,1.3055555555555556,47,0,0.6208378896221078
673,43,2024-09-20,5,1.2790697674418603,55,0,0.6208255616190619
1312,42,2024-09-19,6,1.2857142857142856,54,1,0.6188667256349424
1491,39,2024-09-25,0,1.282051282051282,50,0,0.6182975542339147
510,45,2024-09-04,21,1.3111111111111111,59,0,0.6170254932813746
1017,39,2024-09-14,11,1.3076923076923077,51,1,0.6167904074008397
731,33,2024-09-11,14,1.3333333333333333,44,0,0.6167154842063967
517,47,2024-08-29,27,1.319148936170213,62,0,0.6156715593427063
982,37,2024-08-29,27,1.3513513513513513,50,0,0.6144763594345487
361,37,2024-08-30,26,1.3513513513513513,50,1,0.6109570656955717
1167,48,2024-09-20,5,1.2708333333333333,61,1,0.609112002734794
97,42,2024-09-22,3,1.2857142857142856,54,0,0.6083181086684717
1243,39,2024-09-05,20,1.3333333333333333,52,1,0.6082361567021526
1295,37,2024-09-25,0,1.2972972972972971,48,0,0.6042253740602407
570,37,2024-09-25,0,1.2972972972972971,48,0,0.6042253740602407
1189,47,2024-09-02,23,1.319148936170213,62,0,0.6015415272066892
367,41,2024-08-10,46,1.3902439024390243,57,0,0.6005320689405736
828,48,2024-08-07,49,1.375,66,1,0.6004789018737114
709,45,2024-08-30,26,1.3333333333333333,60,0,0.5996910047885051
1228,49,2024-08-28,28,1.326530612244898,65,1,0.5976477486141095
120,51,2024-09-18,7,1.2745098039215685,65,0,0.5954592750635107
912,41,2024-09-24,1,1.2926829268292683,53,0,0.5951505690853696
561,46,2024-09-12,13,1.3043478260869563,60,0,0.5944092348667271
630,46,2024-09-22,3,1.282608695652174,59,0,0.5933034764811149
1253,41,2024-09-25,0,1.2926829268292683,53,1,0.5915721183660004
143,43,2024-08-29,27,1.3488372093023255,58,1,0.5885750527401891
1315,41,2024-09-15,10,1.3170731707317072,54,0,0.5884412666128267
575,48,2024-08-12,44,1.375,66,0,0.5825635887752814
763,44,2024-09-12,13,1.3181818181818181,58,0,0.5823268297612056
1472,54,2024-09-16,9,1.277777777777778,69,1,0.5823142255360666
651,42,2024-09-09,16,1.3333333333333333,56,0,0.5788914063706876
549,45,2024-09-25,0,1.2888888888888888,58,0,0.5774735626259242
934,38,2024-09-23,2,1.3157894736842104,50,1,0.576817072885831
1297,40,2024-09-17,8,1.325,53,1,0.5735235198522318
160,47,2024-09-10,15,1.319148936170213,62,0,0.5727902762904818
472,43,2024-09-13,12,1.3255813953488371,57,0,0.5718408570746879
155,52,2024-08-31,25,1.3269230769230769,69,0,0.571072919715306
452,29,2024-09-09,16,1.3793103448275863,40,0,0.5706401089785906
1048,35,2024-09-17,8,1.3428571428571427,47,0,0.5700630805981508
1386,33,2024-09-11,14,1.3636363636363635,45,1,0.5683901998937514
81,49,2024-09-15,10,1.3061224489795917,64,1,0.5655313179087442
489,32,2024-09-24,1,1.34375,43,0,0.5584181811726011
922,40,2024-09-22,3,1.325,53,0,0.5552946428052185
1052,36,2024-09-24,1,1.3333333333333333,48,0,0.5548957452878747
179,38,2024-09-18,7,1.3421052631578947,51,0,0.5522813312037431
767,27,2024-09-21,4,1.3703703703703705,37,0,0.551607477817179
111,43,2024-09-19,6,1.3255813953488371,57,0,0.5499280522878405
1463,29,2024-09-15,10,1.3793103448275863,40,0,0.5487143486540904
749,40,2024-09-24,1,1.325,53,0,0.5479583582754846
420,40,2024-09-25,0,1.325,53,0,0.5442821816349641
1166,31,2024-09-11,14,1.3870967741935485,43,1,0.5403500239018316
1242,52,2024-09-17,8,1.3076923076923077,68,0,0.5402241370792632
861,33,2024-09-21,4,1.3636363636363635,45,1,0.5317015658408517
1433,37,2024-09-21,4,1.3513513513513513,50,1,0.5312232717338226
1074,37,2024-09-21,4,1.3513513513513513,50,0,0.5312232717338226
631,43,2024-09-25,0,1.3255813953488371,57,0,0.5278197958858287
1287,37,2024-09-22,3,1.3513513513513513,50,0,0.5275283464951044
660,37,2024-09-22,3,1.3513513513513513,50,0,0.5275283464951044
1303,45,2024-09-09,16,1.3555555555555556,61,1,0.5272103993466519
812,35,2024-09-16,9,1.3714285714285714,48,0,0.5269846832332453
236,36,2024-09-07,18,1.3888888888888888,50,1,0.5263008864278235
282,36,2024-09-20,5,1.3611111111111112,49,0,0.5240182244851455
859,43,2024-09-16,9,1.3488372093023255,58,0,0.522764380225808
1044,45,2024-09-21,4,1.3333333333333333,60,0,0.5194643150533192
1049,46,2024-09-04,21,1.3695652173913044,63,0,0.5174169283888636
172,41,2024-09-02,23,1.3902439024390243,57,0,0.5166364625829711
715,25,2024-09-21,4,1.4,35,0,0.5132085355939269
582,39,2024-09-20,5,1.358974358974359,53,0,0.5119771396086324
853,40,2024-09-23,2,1.35,54,0,0.5104914983498522
640,37,2024-09-16,9,1.3783783783783785,51,0,0.5051311779510324
608,35,2024-09-23,2,1.3714285714285714,48,1,0.5010567430597743
392,44,2024-09-04,21,1.3863636363636365,61,0,0.5000515781332305
618,46,2024-09-09,16,1.3695652173913044,63,0,0.4988852771764122
264,26,2024-08-10,46,1.5,39,0,0.49845658438394524
610,44,2024-08-16,40,1.4318181818181819,63,0,0.49536978076111776
80,45,2024-09-19,6,1.3555555555555556,61,0,0.490161174200809
886,37,2024-09-21,4,1.3783783783783785,51,1,0.4865958678414727
485,36,2024-09-21,4,1.3888888888888888,50,0,0.4744391190190975
260,33,2024-09-23,2,1.393939393939394,46,0,0.47426542747112227
783,36,2024-09-10,15,1.4166666666666667,51,0,0.4693283556321312
1051,39,2024-09-22,3,1.3846153846153846,54,0,0.46225543185819695
564,26,2024-09-24,1,1.4230769230769231,37,0,0.4588429739632802
1139,42,2024-09-11,14,1.4047619047619049,59,0,0.45420936781769083
290,38,2024-09-22,3,1.3947368421052633,53,0,0.450810313714777
1133,35,2024-09-24,1,1.4,49,0,0.4502898245725643
649,35,2024-09-12,13,1.4285714285714286,50,0,0.4475872575621465
777,31,2024-09-22,3,1.4193548387096775,44,0,0.44654057827807675
1115,38,2024-09-25,0,1.3947368421052633,53,0,0.43982061303026654
1226,38,2024-09-25,0,1.3947368421052633,53,0,0.43982061303026654
594,28,2024-09-24,1,1.4285714285714286,40,0,0.43957225587193677
974,41,2024-09-14,11,1.4146341463414633,58,0,0.4322557538708343
356,35,2024-09-19,6,1.4285714285714286,50,0,0.4220799670398879
843,55,2024-09-20,5,1.3636363636363635,75,1,0.4217802068856662
609,38,2024-08-26,30,1.4736842105263157,56,0,0.4209413883664487
198,39,2024-09-23,2,1.4102564102564104,55,0,0.4168741006391999
787,35,2024-09-23,2,1.4285714285714286,50,0,0.40767997857481764
1474,41,2024-09-22,3,1.4146341463414633,58,0,0.4034040765660122
300,30,2024-09-20,5,1.4666666666666668,44,0,0.38295935069254844
1169,29,2024-09-17,8,1.4827586206896552,43,0,0.3732925515261535
525,39,2024-09-25,0,1.435897435897436,56,0,0.36939745015339803
12,39,2024-09-16,9,1.4615384615384617,57,0,0.3610416809871823
1305,49,2024-09-19,6,1.4489795918367347,71,0,0.32296896098426287
751,34,2024-09-21,4,1.5588235294117647,53,0,0.23428713758583924
1164,84,2024-09-21,4,1.5,126,0,0.13768843035653158
1160,105,2024-09-20,5,1.438095238095238,151,0,0.1362243298364757
378,82,2024-09-25,0,1.5,123,0,0.13559411464869256
1471,90,2024-09-25,0,1.5,135,0,0.11725771333955713
331,94,2024-09-22,3,1.5,141,0,0.11331607467977468
875,111,2024-09-24,1,1.4504504504504503,161,0,0.10786562040760336
349,79,2024-09-23,2,1.5569620253164556,123,0,0.10555657904652746
1078,64,2024-09-24,1,1.609375,103,0,0.10096698522927894
992,124,2024-09-25,0,1.4193548387096775,176,0,0.10045431451725033
128,95,2024-09-25,0,1.5157894736842104,144,0,0.09735409681965158
1205,70,2024-09-25,0,1.6,112,0,0.09414119717197868
471,69,2024-09-25,0,1.608695652173913,111,0,0.0910573576092352
542,107,2024-09-22,3,1.5046728971962615,161,0,0.08639953851207885
497,119,2024-09-25,0,1.4621848739495797,174,0,0.08537782997518747
606,125,2024-09-24,1,1.448,181,0,0.08412898281066084
891,95,2024-09-24,1,1.5473684210526315,147,0,0.08159098200934452
847,131,2024-09-24,1,1.435114503816794,188,0,0.0811334294127762
572,123,2024-09-23,2,1.4634146341463417,180,0,0.08068809916504605
910,81,2024-09-25,0,1.5925925925925926,129,0,0.07989655607640528
85,123,2024-09-21,4,1.4715447154471544,181,0,0.07891919650246922
811,105,2024-09-23,2,1.5238095238095237,160,0,0.0788416687619338
98,96,2024-09-24,1,1.5520833333333333,149,0,0.07778129826407958
499,67,2024-09-25,0,1.6417910447761195,110,0,0.0774129960651055
1293,124,2024-09-23,2,1.467741935483871,182,0,0.07709918887371313
1379,96,2024-09-25,0,1.5520833333333333,149,0,0.076724092563214
976,80,2024-09-25,0,1.6125,129,0,0.07211920464171843
988,76,2024-09-23,2,1.6315789473684212,124,0,0.07123196889286441
1083,74,2024-09-25,0,1.6351351351351353,121,0,0.07046818105786917
1335,98,2024-09-25,0,1.5612244897959184,153,0,0.06980306474698966
1235,66,2024-09-23,2,1.6666666666666667,110,0,0.06965239183030501
681,68,2024-09-23,2,1.6617647058823528,113,0,0.06906101677554982
1493,99,2024-09-23,2,1.5656565656565655,155,0,0.06848842739915176
1448,109,2024-09-25,0,1.5321100917431192,167,0,0.06749182058711255
208,75,2024-09-25,0,1.64,123,0,0.06707781517005587
513,108,2024-09-25,0,1.537037037037037,166,0,0.0667536675275139
1034,70,2024-09-25,0,1.6571428571428573,116,0,0.06649129582032215
193,95,2024-09-25,0,1.5789473684210527,150,0,0.06632666638118506
1439,63,2024-09-24,1,1.6825396825396823,106,0,0.06602240387568552
845,107,2024-09-25,0,1.5420560747663552,165,0,0.06598548147031187
266,112,2024-09-25,0,1.5267857142857144,171,0,0.06580273809161731
1479,121,2024-09-24,1,1.5041322314049588,182,0,0.06443503795460945
263,83,2024-09-25,0,1.6265060240963856,135,0,0.06241290155166
511,117,2024-09-25,0,1.5213675213675213,178,0,0.0617379051765164
585,85,2024-09-25,0,1.623529411764706,138,0,0.06114408591065542
481,136,2024-09-25,0,1.4632352941176472,199,0,0.06112738150924778
758,111,2024-09-22,3,1.5495495495495497,172,0,0.060753818760761386
1090,115,2024-09-25,0,1.5304347826086957,176,0,0.06068197330965603
915,105,2024-09-17,8,1.580952380952381,166,0,0.060256526019694445
249,100,2024-09-25,0,1.58,158,0,0.059781245505504926
1438,93,2024-09-25,0,1.6021505376344085,149,0,0.059728000661041426
265,102,2024-09-23,2,1.5784313725490196,161,0,0.05969485759141517
1000,123,2024-09-24,1,1.5121951219512195,186,0,0.05894646887944056
479,130,2024-09-24,1,1.4923076923076923,194,0,0.058173846994304855
1024,106,2024-09-25,0,1.5660377358490567,166,0,0.057985749783597614
1227,115,2024-09-25,0,1.5391304347826087,177,0,0.05748664375137668
161,90,2024-09-23,2,1.6222222222222222,146,0,0.05748372531050363
866,127,2024-09-21,4,1.5118110236220472,192,0,0.05697504786758429
448,131,2024-09-19,6,1.5038167938931297,197,0,0.05694138362767392
503,136,2024-09-18,7,1.4926470588235294,203,0,0.05612805654818144
685,84,2024-09-24,1,1.6428571428571428,138,0,0.05606238342720678
1154,93,2024-09-25,0,1.6129032258064515,150,0,0.05585830349170816
1344,106,2024-09-24,1,1.5754716981132075,167,0,0.055442851806531926
1384,134,2024-09-22,3,1.492537313432836,200,0,0.055232760686821036
149,117,2024-09-22,3,1.547008547008547,181,0,0.054880141090486084
577,92,2024-09-25,0,1.6195652173913044,149,0,0.05464424013371991
688,83,2024-09-24,1,1.650602409638554,137,0,0.054474076692011535
854,121,2024-09-22,3,1.537190082644628,186,0,0.05394232069662753
1496,83,2024-09-25,0,1.650602409638554,137,0,0.053715211658156056
973,67,2024-09-25,0,1.7014925373134329,114,0,0.05351796524108566
1487,97,2024-09-25,0,1.6082474226804124,156,0,0.053160284557614665
1282,82,2024-09-24,1,1.6585365853658536,136,0,0.05286567457449622
1057,130,2024-09-21,4,1.5153846153846153,197,0,0.05252747403617052
473,90,2024-09-25,0,1.6333333333333333,147,0,0.05214502615064257
1473,82,2024-09-25,0,1.6585365853658536,136,0,0.05212798051315957
567,111,2024-09-25,0,1.5675675675675675,174,0,0.052061494579934794
635,115,2024-09-25,0,1.556521739130435,179,0,0.051564639215973214
553,67,2024-09-21,4,1.7164179104477613,115,0,0.051559252360975236
780,101,2024-09-24,1,1.603960396039604,162,0,0.05118411426740518
1277,138,2024-09-25,0,1.4855072463768115,205,0,0.05114757092925758
994,64,2024-09-25,0,1.71875,110,0,0.050956913270796586
8,111,2024-09-23,2,1.5765765765765767,175,0,0.05060551522817975
1067,141,2024-09-20,5,1.4893617021276595,210,0,0.05048751372739008
978,113,2024-09-25,0,1.5663716814159292,177,0,0.05042496029125144
602,74,2024-09-25,0,1.6891891891891893,125,0,0.05035979022502762
1331,108,2024-09-25,0,1.5833333333333333,171,0,0.050033161586607464
1009,121,2024-09-24,1,1.5454545454545456,187,0,0.04979849093899669
327,136,2024-09-20,5,1.5073529411764706,205,0,0.04977233059062237
1011,98,2024-09-22,3,1.6224489795918369,159,0,0.04973640885250531
995,115,2024-09-20,5,1.5739130434782609,181,0,0.049604214646291875
860,88,2024-09-25,0,1.6477272727272727,145,0,0.04955884744538796
793,139,2024-09-21,4,1.4964028776978415,208,0,0.04954617024976024
384,120,2024-09-24,1,1.55,186,0,0.0493618486924192
979,116,2024-09-25,0,1.5603448275862069,181,0,0.049357957035490695
634,115,2024-09-25,0,1.565217391304348,180,0,0.04882444647352145
1292,113,2024-09-24,1,1.575221238938053,178,0,0.04837422012877051
89,132,2024-09-25,0,1.5151515151515151,200,0,0.0477970171304575
576,135,2024-09-20,5,1.5185185185185184,205,0,0.04732312897453755
1119,91,2024-09-24,1,1.6483516483516485,150,0,0.047181685381146164
554,112,2024-09-25,0,1.5803571428571428,177,0,0.04710140148326661
647,130,2024-09-22,3,1.5307692307692309,199,0,0.04702068161174086
1420,127,2024-09-21,4,1.5433070866141732,196,0,0.04676569168618957
117,68,2024-09-25,0,1.7205882352941175,117,0,0.046540754819492325
425,111,2024-09-21,4,1.5945945945945945,177,0,0.04647614090398957
1306,139,2024-09-16,9,1.5179856115107915,211,0,0.04641655024896857
1036,74,2024-09-25,0,1.7027027027027029,126,0,0.046254736916161665
460,64,2024-09-25,0,1.734375,111,0,0.04618669713221224
1495,118,2024-09-24,1,1.5677966101694916,185,0,0.04591133117201469
615,142,2024-09-24,1,1.4929577464788732,212,0,0.04573373520174171
1055,100,2024-09-22,3,1.63,163,0,0.04558606958287433
101,65,2024-09-23,2,1.7384615384615385,113,0,0.04539407212313409
1460,95,2024-09-25,0,1.6421052631578947,156,0,0.0446982171459031
1350,124,2024-09-23,2,1.5564516129032258,193,0,0.04440763932572981
342,111,2024-09-25,0,1.5945945945945945,177,0,0.043916749180285
1100,115,2024-09-25,0,1.582608695652174,182,0,0.043753356731776445
1219,134,2024-09-22,3,1.5298507462686568,205,0,0.043685334296529266
984,139,2024-09-24,1,1.5107913669064748,210,0,0.04336974531554039
130,119,2024-09-25,0,1.5714285714285714,187,0,0.043368988027845626
505,136,2024-09-20,5,1.5294117647058825,208,0,0.04331061399835333
1007,123,2024-09-17,8,1.5772357723577235,194,0,0.04324936651307957
1285,129,2024-09-21,4,1.550387596899225,200,0,0.04297983976684955
1395,99,2024-09-25,0,1.6363636363636365,162,0,0.042808160331014374
396,124,2024-09-15,10,1.5806451612903225,196,0,0.04268747814390785
944,122,2024-09-21,4,1.5737704918032789,192,0,0.042607280551461776
1418,132,2024-09-23,2,1.537878787878788,203,0,0.04259820356051365
416,98,2024-09-24,1,1.6428571428571428,161,0,0.04250944180248574
945,101,2024-09-24,1,1.6336633663366336,165,0,0.04244547522830301
1155,80,2024-09-25,0,1.7,136,0,0.04176332636140064
109,149,2024-09-25,0,1.4832214765100673,221,0,0.04172377780438798
790,119,2024-09-24,1,1.5798319327731092,188,0,0.0417103914954608
205,84,2024-09-25,0,1.6904761904761905,142,0,0.04096332087362872
1085,129,2024-09-21,4,1.5581395348837208,201,0,0.04092044997437592
796,135,2024-09-24,1,1.5333333333333332,207,0,0.040716766025282077
942,71,2024-09-25,0,1.7323943661971832,123,0,0.04069207391863158
284,118,2024-09-25,0,1.5847457627118644,187,0,0.040662664460881015
1483,75,2024-09-25,0,1.72,129,0,0.04064534185291922
131,128,2024-09-21,4,1.5625,200,0,0.04060594826677229
322,106,2024-09-21,4,1.6320754716981132,173,0,0.040500480194912404
1372,91,2024-09-25,0,1.6703296703296704,152,0,0.04048276902659173
330,111,2024-09-23,2,1.6126126126126126,179,0,0.04030999957821787
667,134,2024-09-18,7,1.5522388059701493,208,0,0.04012644165633083
277,103,2024-09-22,3,1.6407766990291262,169,0,0.04011358782877149
1475,92,2024-09-23,2,1.6739130434782608,154,0,0.03991122299983942
478,147,2024-09-25,0,1.4965986394557824,220,0,0.0398894956979407
612,131,2024-09-21,4,1.5572519083969465,204,0,0.03954201977494036
121,78,2024-09-24,1,1.717948717948718,134,0,0.03934146877817463
545,131,2024-09-25,0,1.549618320610687,203,0,0.03920706911964783
1077,103,2024-09-24,1,1.6407766990291262,169,0,0.03898692220134923
732,76,2024-09-25,0,1.7236842105263157,131,0,0.038921117010144404
1127,89,2024-09-24,1,1.6853932584269664,150,0,0.038838034129769064
740,106,2024-09-24,1,1.6320754716981132,173,0,0.038806392284395315
785,87,2024-09-25,0,1.6896551724137931,147,0,0.03878441524600653
314,87,2024-09-25,0,1.6896551724137931,147,0,0.03878441524600653
769,132,2024-09-23,2,1.553030303030303,205,0,0.038694935741693616
792,134,2024-09-21,4,1.5522388059701493,208,0,0.038447372419449725
1213,98,2024-09-22,3,1.663265306122449,163,0,0.03842540643402618
684,128,2024-09-25,0,1.5625,200,0,0.03835681802423153
141,66,2024-09-25,0,1.7575757575757576,116,0,0.03831906501150523
986,71,2024-09-23,2,1.7464788732394365,124,0,0.0382859381699419
784,142,2024-09-24,1,1.5211267605633805,216,0,0.03825990394590216
782,115,2024-09-23,2,1.608695652173913,185,0,0.03815282880448946
127,127,2024-09-25,0,1.5669291338582676,199,0,0.03804461928003586
552,140,2024-09-24,1,1.5285714285714287,214,0,0.037979455057949314
1061,120,2024-09-24,1,1.5916666666666668,191,0,0.03792694184056599
355,77,2024-09-24,1,1.7272727272727273,133,0,0.03782599133465971
66,90,2024-09-23,2,1.6888888888888889,152,0,0.037767465219817054
704,103,2024-09-22,3,1.650485436893204,170,0,0.03771373182531607
1498,88,2024-09-24,1,1.6931818181818181,149,0,0.037707825091707094
839,95,2024-09-23,2,1.6736842105263159,159,0,0.037643984605804266
801,114,2024-09-23,2,1.6140350877192982,184,0,0.03762370515370092
146,130,2024-09-24,1,1.5615384615384615,203,0,0.03761202694864781
1207,86,2024-09-25,0,1.6976744186046513,146,0,0.03760047639180262
1276,85,2024-09-23,2,1.7058823529411764,145,0,0.0374625489072477
1028,140,2024-09-25,0,1.5285714285714287,214,0,0.037441273551131485
189,105,2024-09-21,4,1.6476190476190475,173,0,0.037432074002752794
539,101,2024-09-24,1,1.6534653465346536,167,0,0.03743194775059843
1096,117,2024-09-15,10,1.623931623931624,190,0,0.03729423729336544
107,93,2024-09-25,0,1.6774193548387095,156,0,0.03718352940488244
863,139,2024-09-22,3,1.539568345323741,214,0,0.03717455247255902
509,135,2024-09-24,1,1.548148148148148,209,0,0.037058590509903636
648,120,2024-09-22,3,1.6,192,0,0.037009769751540356
743,110,2024-09-20,5,1.6363636363636365,180,0,0.03690663867054917
1468,147,2024-09-25,0,1.5102040816326532,222,0,0.036583597674757905
566,118,2024-09-25,0,1.6016949152542372,189,0,0.03650953092403285
9,86,2024-09-22,3,1.7093023255813953,147,0,0.03644602001399175
1413,137,2024-09-23,2,1.5474452554744527,212,0,0.03627822254252431
375,80,2024-09-24,1,1.725,138,0,0.03614058277483115
1367,80,2024-09-24,1,1.725,138,0,0.03614058277483115
1480,131,2024-09-24,1,1.564885496183206,205,0,0.036089114766941655
997,97,2024-09-25,0,1.6701030927835052,162,0,0.035958534717382334
914,130,2024-09-24,1,1.5692307692307692,204,0,0.03581382688901404
1079,123,2024-09-23,2,1.5934959349593496,196,0,0.03581046800463679
61,78,2024-09-25,0,1.7307692307692308,135,0,0.03574546966157771
1192,114,2024-09-19,6,1.6315789473684212,186,0,0.03562488237832001
928,130,2024-09-21,4,1.5769230769230769,205,0,0.03559472977548578
1291,116,2024-09-25,0,1.6120689655172413,187,0,0.035571014832051204
546,112,2024-09-21,4,1.6339285714285714,183,0,0.03550053663998281
646,70,2024-09-25,0,1.7571428571428571,123,0,0.03546792092739606
753,149,2024-09-25,0,1.5100671140939597,225,0,0.035177045941535756
118,116,2024-09-22,3,1.6206896551724137,188,0,0.035144622183755546
526,140,2024-09-20,5,1.55,217,0,0.03508255906906389
1355,88,2024-09-24,1,1.7045454545454544,150,0,0.035074399812786095
1283,136,2024-09-25,0,1.551470588235294,211,0,0.03505765049649175
768,129,2024-09-25,0,1.5736434108527133,203,0,0.03502062631814057
1026,108,2024-09-13,12,1.6666666666666667,180,0,0.0350021794055028
1197,83,2024-09-23,2,1.7228915662650601,143,0,0.03498870627954228
893,138,2024-09-23,2,1.5507246376811594,214,0,0.03482239254120065
907,95,2024-09-24,1,1.6842105263157896,160,0,0.03470213760770854
1332,131,2024-09-20,5,1.5801526717557253,207,0,0.03466915899720762
1191,117,2024-09-24,1,1.6153846153846154,189,0,0.03462701500245818
1488,114,2024-09-21,4,1.6315789473684212,186,0,0.03461974345474083
877,126,2024-09-24,1,1.5873015873015872,200,0,0.03458020651515293
1144,126,2024-09-24,1,1.5873015873015872,200,0,0.03458020651515293
1233,126,2024-09-24,1,1.5873015873015872,200,0,0.03458020651515293
550,122,2024-09-25,0,1.5983606557377048,195,0,0.03442015151421869
1071,106,2024-09-24,1,1.6509433962264153,175,0,0.03441195147846334
1084,138,2024-09-24,1,1.5507246376811594,214,0,0.03432735134288809
968,64,2024-09-25,0,1.78125,114,0,0.03430081517483782
426,123,2024-09-23,2,1.6016260162601625,197,0,0.03400015922802939
849,140,2024-09-16,9,1.5642857142857145,219,0,0.033912770776624926
952,100,2024-09-25,0,1.67,167,0,0.033880684917341516
909,129,2024-09-24,1,1.5813953488372092,204,0,0.03381047502876687
1092,69,2024-09-25,0,1.7681159420289856,122,0,0.0337391144322584
280,121,2024-09-22,3,1.6115702479338845,195,0,0.033694622531831676
1209,140,2024-09-23,2,1.55,217,0,0.03360715877360641
1363,109,2024-09-22,3,1.6513761467889907,180,0,0.033249892886450964
1454,127,2024-09-24,1,1.5905511811023623,202,0,0.033196490614664904
1311,114,2024-09-24,1,1.6315789473684212,186,0,0.033163137965586356
385,78,2024-09-25,0,1.7435897435897436,136,0,0.03293618195315907
672,84,2024-09-25,0,1.7261904761904763,145,0,0.03262927260413326
659,79,2024-09-23,2,1.7468354430379749,138,0,0.032537778462203966
496,132,2024-09-25,0,1.5757575757575757,208,0,0.03253058790936614
804,146,2024-09-25,0,1.534246575342466,224,0,0.03201370647783688
422,95,2024-09-25,0,1.694736842105263,161,0,0.03198255307404586
41,134,2024-09-24,1,1.5746268656716418,211,0,0.03192972858856996
374,139,2024-09-23,2,1.5611510791366905,217,0,0.03192965061071816
219,115,2024-09-24,1,1.6347826086956523,188,0,0.03184361670879041
880,100,2024-09-25,0,1.68,168,0,0.03178204311113458
285,122,2024-09-16,9,1.6311475409836067,199,0,0.03175688708696943
876,140,2024-09-24,1,1.5571428571428572,218,0,0.0316490567195844
1361,138,2024-09-20,5,1.572463768115942,217,0,0.03163687893080727
122,94,2024-09-24,1,1.702127659574468,160,0,0.03157496318592499
789,127,2024-09-24,1,1.5984251968503935,203,0,0.031565716905049154
1185,117,2024-09-23,2,1.6324786324786325,191,0,0.03149075603268947
756,132,2024-09-24,1,1.5833333333333333,209,0,0.031439130044649724
865,101,2024-09-23,2,1.683168316831683,170,0,0.0314127093872928
488,76,2024-09-23,2,1.763157894736842,134,0,0.031133813455091405
475,151,2024-09-22,3,1.5298013245033113,231,0,0.03109563557514183
309,121,2024-09-21,4,1.628099173553719,197,0,0.030751291888749633
883,93,2024-09-24,1,1.7096774193548387,159,0,0.030696314503606426
655,93,2024-09-24,1,1.7096774193548387,159,0,0.030696314503606426
1015,126,2024-09-22,3,1.6111111111111112,203,0,0.030559817163650846
87,139,2024-09-23,2,1.5683453237410072,218,0,0.030491733743804286
1178,134,2024-09-24,1,1.582089552238806,212,0,0.030439386330429773
175,80,2024-09-25,0,1.75,140,0,0.03036456658487329
262,95,2024-09-24,1,1.7052631578947368,162,0,0.030329902820474878
294,88,2024-09-24,1,1.7272727272727273,152,0,0.030329441200944784
334,72,2024-09-24,1,1.777777777777778,128,0,0.030290016740505594
800,117,2024-09-22,3,1.641025641025641,192,0,0.030244186882327988
1027,74,2024-09-25,0,1.7702702702702704,131,0,0.03009188776450504
52,86,2024-09-25,0,1.7325581395348837,149,0,0.03008909193603313
328,109,2024-09-25,0,1.6605504587155964,181,0,0.030030940077704626
727,134,2024-09-12,13,1.611940298507463,216,0,0.029872538132968852
1136,111,2024-09-24,1,1.6576576576576576,184,0,0.02980993232365954
972,87,2024-09-23,2,1.735632183908046,151,0,0.029756816764919834
990,115,2024-09-21,4,1.6521739130434785,190,0,0.029740787903106584
278,96,2024-09-18,7,1.71875,165,0,0.029719332769915972
324,108,2024-09-25,0,1.6666666666666667,180,0,0.029463778557172884
178,105,2024-09-25,0,1.6761904761904762,176,0,0.029446361206192005
1356,137,2024-09-25,0,1.5766423357664234,216,0,0.029247452724844213
150,73,2024-09-24,1,1.7808219178082192,130,0,0.029111168514729554
536,77,2024-09-25,0,1.7662337662337662,136,0,0.02906810069566145
1275,141,2024-09-15,10,1.5886524822695036,224,0,0.028845988901899922
212,100,2024-09-23,2,1.7,170,0,0.028773052579011353
1010,137,2024-09-23,2,1.583941605839416,217,0,0.028724067853372753
49,132,2024-09-24,1,1.5984848484848484,211,0,0.028527898896079765
59,134,2024-09-22,3,1.5970149253731345,214,0,0.02846725230877341
899,132,2024-09-21,4,1.606060606060606,212,0,0.028373299106384066
918,98,2024-09-25,0,1.7040816326530612,167,0,0.02835472077158
620,145,2024-09-24,1,1.5586206896551724,226,0,0.02834408589459839
216,109,2024-09-25,0,1.6697247706422018,182,0,0.02831360744350303
872,135,2024-09-23,2,1.5925925925925926,215,0,0.028291367225080057
502,128,2024-09-22,3,1.6171875,207,0,0.0282288288792111
759,132,2024-09-25,0,1.5984848484848484,211,0,0.028119734277010422
382,132,2024-09-25,0,1.5984848484848484,211,0,0.028119734277010422
765,69,2024-09-25,0,1.7971014492753623,124,0,0.02802019772052466
791,114,2024-09-24,1,1.6578947368421053,189,0,0.02801572227065722
1176,74,2024-09-24,1,1.7837837837837838,132,0,0.027991671753871916
181,67,2024-09-24,1,1.8059701492537317,121,0,0.02795946016868996
1279,135,2024-09-21,4,1.6,216,0,0.02776529614462442
1405,111,2024-09-25,0,1.6666666666666667,185,0,0.02773203916510971
1075,79,2024-09-23,2,1.7721518987341771,140,0,0.027661819843166596
332,97,2024-09-25,0,1.711340206185567,166,0,0.027614779654935175
810,74,2024-09-25,0,1.7837837837837838,132,0,0.02759096133989459
600,141,2024-09-25,0,1.574468085106383,222,0,0.027356972738536482
1114,120,2024-09-21,4,1.65,198,0,0.027262610056440553
1400,146,2024-09-24,1,1.5616438356164384,228,0,0.02724252144636936
348,113,2024-09-21,4,1.672566371681416,189,0,0.02716474146496671
1047,128,2024-09-25,0,1.6171875,207,0,0.027033587537793634
372,133,2024-09-25,0,1.6015037593984962,213,0,0.027027382791832765
458,106,2024-09-24,1,1.6886792452830188,179,0,0.027019154819780816
1045,100,2024-09-23,2,1.71,171,0,0.026981952550748478
256,83,2024-09-25,0,1.7590361445783131,146,0,0.026968657698170022
142,146,2024-09-25,0,1.5616438356164384,228,0,0.026852239111218246
438,123,2024-09-25,0,1.6341463414634145,201,0,0.026818890183019712
930,126,2024-09-24,1,1.626984126984127,205,0,0.026814372478724684
736,131,2024-09-18,7,1.6259541984732824,213,0,0.02660298838648836
846,115,2024-09-21,4,1.6695652173913045,192,0,0.02659637570077003
1348,129,2024-09-24,1,1.62015503875969,209,0,0.02636900015177406
1371,129,2024-09-24,1,1.62015503875969,209,0,0.02636900015177406
781,123,2024-09-19,6,1.6504065040650409,203,0,0.026339843078239413
1157,132,2024-09-23,2,1.6136363636363635,213,0,0.02625556100090748
1230,80,2024-09-24,1,1.775,142,0,0.02623446257498816
400,115,2024-09-22,3,1.6695652173913045,192,0,0.026215100726575104
379,105,2024-09-25,0,1.6952380952380952,178,0,0.02605292696990199
169,110,2024-09-24,1,1.6818181818181819,185,0,0.026043491482452826
1289,66,2024-09-25,0,1.8181818181818183,120,0,0.02599725478651024
965,131,2024-09-23,2,1.6183206106870227,212,0,0.025996450269920826
558,133,2024-09-21,4,1.6165413533834585,215,0,0.025992767875467636
257,129,2024-09-25,0,1.62015503875969,209,0,0.025990897708453406
579,76,2024-09-24,1,1.7894736842105263,136,0,0.02591577440792343
474,112,2024-09-23,2,1.6785714285714286,188,0,0.02591004230984692
273,102,2024-09-25,0,1.7058823529411764,174,0,0.02585027477412274
444,97,2024-09-25,0,1.7216494845360824,167,0,0.02584233344982647
708,139,2024-09-25,0,1.5899280575539567,221,0,0.025788837053306625
643,127,2024-09-24,1,1.6299212598425197,207,0,0.025784963044230783
569,133,2024-09-25,0,1.6090225563909775,214,0,0.02575046395854631
1029,110,2024-09-25,0,1.6818181818181819,185,0,0.025669933417548862
970,136,2024-09-24,1,1.602941176470588,218,0,0.025567488212692998
999,69,2024-09-25,0,1.8115942028985508,125,0,0.025525357611231123
1411,132,2024-09-25,0,1.6136363636363635,213,0,0.025507780876699544
537,132,2024-09-25,0,1.6136363636363635,213,0,0.025507780876699544
152,126,2024-09-24,1,1.6349206349206349,206,0,0.025478593409387705
373,123,2024-09-25,0,1.6422764227642277,202,0,0.025451129770731887
694,99,2024-09-21,4,1.7272727272727273,171,0,0.025357820198917753
1409,108,2024-09-15,10,1.712962962962963,185,0,0.025272070043143413
1210,133,2024-09-23,2,1.6165413533834585,215,0,0.025252278218632934
953,101,2024-09-25,0,1.7128712871287128,173,0,0.02521778058616813
298,91,2024-09-24,1,1.7472527472527473,159,0,0.025104371493458788
1225,115,2024-09-25,0,1.6695652173913045,192,0,0.02510292042961922
462,132,2024-09-23,2,1.621212121212121,214,0,0.02500498697622877
1358,148,2024-09-25,0,1.5675675675675675,232,0,0.024821235160087864
1130,125,2024-09-25,0,1.64,205,0,0.024801546988224125
920,79,2024-09-25,0,1.7848101265822784,141,0,0.02477095719313404
185,132,2024-09-24,1,1.621212121212121,214,0,0.0246459478892049
755,85,2024-09-21,4,1.776470588235294,151,0,0.024524486646434102
1053,123,2024-09-24,1,1.6504065040650409,203,0,0.024503409348685327
1171,65,2024-09-25,0,1.8307692307692307,119,0,0.02446225202263495
906,128,2024-09-25,0,1.6328125,209,0,0.024445214206067958
718,109,2024-09-23,2,1.6972477064220184,185,0,0.024411358532721552
1424,84,2024-09-24,1,1.7738095238095237,149,0,0.02437863796085726
358,68,2024-09-25,0,1.8235294117647056,124,0,0.02411881361704855
1236,94,2024-09-24,1,1.7446808510638299,164,0,0.024017997418707915
432,88,2024-09-25,0,1.7613636363636365,155,0,0.024008277260243092
770,101,2024-09-24,1,1.7227722772277227,174,0,0.024002718051073412
1099,138,2024-09-23,2,1.608695652173913,222,0,0.024002119557851788
607,113,2024-09-22,3,1.6902654867256637,191,0,0.02388940278565882
239,80,2024-09-25,0,1.7875,143,0,0.023856113050316156
1199,85,2024-09-23,2,1.776470588235294,151,0,0.02382480266106422
595,95,2024-09-22,3,1.7473684210526317,166,0,0.023810441554171783
1387,91,2024-09-23,2,1.7582417582417582,160,0,0.023727438706144077
126,109,2024-09-25,0,1.6972477064220184,185,0,0.023714823629176547
597,136,2024-09-23,2,1.6176470588235294,220,0,0.023593021594562395
862,79,2024-09-23,2,1.7974683544303796,142,0,0.023498801704315706
905,137,2024-09-24,1,1.6131386861313868,221,0,0.023459553323059365
417,91,2024-09-24,1,1.7582417582417582,160,0,0.023386303551557013
137,105,2024-09-24,1,1.7142857142857144,180,0,0.023377494885746714
1072,103,2024-09-25,0,1.7184466019417477,177,0,0.023359935304820292
559,126,2024-09-23,2,1.6507936507936507,208,0,0.02333432391174502
771,114,2024-09-25,0,1.6842105263157896,192,0,0.023307704639366513
34,123,2024-09-24,1,1.6585365853658536,204,0,0.02325091685192796
1180,89,2024-09-25,0,1.7640449438202248,157,0,0.023122211869571193
980,134,2024-09-20,5,1.6343283582089552,219,0,0.023041417375581845
806,101,2024-09-23,2,1.7326732673267329,175,0,0.02284482854286339
168,134,2024-09-24,1,1.626865671641791,218,0,0.02281770820501699
1449,95,2024-09-25,0,1.7473684210526317,166,0,0.02279789093928242
363,131,2024-09-22,3,1.6412213740458017,215,0,0.022753298771377092
339,119,2024-09-25,0,1.6722689075630253,199,0,0.022745849001263276
405,141,2024-09-22,3,1.6099290780141844,227,0,0.022731764174770346
1333,122,2024-09-21,4,1.6721311475409837,204,0,0.022698742040852787
1140,86,2024-09-24,1,1.7790697674418603,153,0,0.02262720314946173
1272,122,2024-09-25,0,1.6639344262295082,203,0,0.02258516501830662
76,134,2024-09-25,0,1.626865671641791,218,0,0.022489351170417726
90,108,2024-09-19,6,1.722222222222222,186,0,0.02246668952219184
515,112,2024-09-25,0,1.6964285714285714,190,0,0.022431660788685703
39,124,2024-09-24,1,1.6612903225806452,206,0,0.022381681633444738
246,125,2024-09-25,0,1.656,207,0,0.022367679876235842
936,111,2024-09-20,5,1.7117117117117115,190,0,0.022298240692159237
1320,140,2024-09-23,2,1.6142857142857143,226,0,0.02222967260529848
1432,92,2024-09-25,0,1.7608695652173911,162,0,0.02220613457668348
948,101,2024-09-25,0,1.7326732673267329,175,0,0.022191975038586005
1298,106,2024-09-25,0,1.7169811320754715,182,0,0.022188060280757094
1478,126,2024-09-23,2,1.6587301587301588,209,0,0.022167957244796227
710,151,2024-09-22,3,1.5827814569536425,239,0,0.02210996651366327
1261,73,2024-09-25,0,1.821917808219178,133,0,0.02201822673503555
1032,140,2024-09-24,1,1.6142857142857143,226,0,0.021909587935957774
544,140,2024-09-24,1,1.6142857142857143,226,0,0.021909587935957774
456,123,2024-09-21,4,1.6747967479674797,206,0,0.02186214525816865
507,131,2024-09-25,0,1.6412213740458017,215,0,0.02178470043811549
305,134,2024-09-24,1,1.6343283582089552,219,0,0.02174312325057375
46,121,2024-09-23,2,1.677685950413223,203,0,0.021708860925904388
1070,123,2024-09-18,7,1.6829268292682928,207,0,0.021665045517243107
935,95,2024-09-24,1,1.7578947368421052,167,0,0.021609249594433364
1440,89,2024-09-25,0,1.7752808988764044,158,0,0.021502422643600198
962,87,2024-09-25,0,1.7816091954022988,155,0,0.02149678600321778
707,63,2024-09-25,0,1.8571428571428568,117,0,0.0214856049113718
184,128,2024-09-24,1,1.65625,212,0,0.021317176325557675
156,107,2024-09-22,3,1.7289719626168225,185,0,0.02101394594088931
1064,133,2024-09-19,6,1.6541353383458648,220,0,0.020990209424633748
1324,77,2024-09-25,0,1.8181818181818183,140,0,0.02079432056302863
799,86,2024-09-25,0,1.7906976744186047,154,0,0.020685447862953368
197,107,2024-09-19,6,1.7383177570093458,186,0,0.020661069837455213
1497,117,2024-09-18,7,1.7094017094017093,200,0,0.02062370662508345
288,134,2024-09-21,4,1.6492537313432836,221,0,0.020619989399661663
882,140,2024-09-25,0,1.6214285714285714,227,0,0.020618496939767746
1224,122,2024-09-24,1,1.680327868852459,205,0,0.02060967278308723
362,108,2024-09-25,0,1.722222222222222,186,0,0.02059323555702349
86,85,2024-09-23,2,1.8,153,0,0.020462709374383495
931,137,2024-09-24,1,1.635036496350365,224,0,0.020362003967008224
30,125,2024-09-21,4,1.68,210,0,0.020295233862350468
450,117,2024-09-23,2,1.7008547008547008,199,0,0.020270254628900086
1280,87,2024-09-24,1,1.793103448275862,156,0,0.02024723088965761
1059,73,2024-09-25,0,1.8356164383561644,134,0,0.02015016406455715
454,115,2024-09-25,0,1.7043478260869565,196,0,0.020049304693937776
754,115,2024-09-25,0,1.7043478260869565,196,0,0.020049304693937776
867,142,2024-09-25,0,1.6197183098591548,230,0,0.020016158899001844
64,89,2024-09-25,0,1.7865168539325844,159,0,0.019993782708416657
1492,83,2024-09-25,0,1.8072289156626504,150,0,0.019755689675165767
204,77,2024-09-23,2,1.8311688311688312,141,0,0.019680280807500734
1267,111,2024-09-25,0,1.720720720720721,191,0,0.019561943796220026
319,77,2024-09-24,1,1.8311688311688312,141,0,0.019396176591372886
960,125,2024-09-17,8,1.696,212,0,0.019391794633717666
720,102,2024-09-23,2,1.7549019607843137,179,0,0.01938523975873549
696,79,2024-09-25,0,1.8227848101265824,144,0,0.019377699545796486
1452,79,2024-09-25,0,1.8227848101265824,144,0,0.019377699545796486
1211,138,2024-09-25,0,1.63768115942029,226,0,0.01932932002499272
913,99,2024-09-22,3,1.7676767676767675,175,0,0.019247489030011587
1357,123,2024-09-23,2,1.6910569105691056,208,0,0.019113580206198705
183,126,2024-09-23,2,1.6825396825396823,212,0,0.019000564699042224
1108,106,2024-09-19,6,1.7547169811320755,186,0,0.01896036245783466
1244,112,2024-09-25,0,1.7232142857142856,193,0,0.018859764717650364
737,130,2024-09-24,1,1.6692307692307693,217,0,0.01881538847012059
176,87,2024-09-24,1,1.8045977011494252,157,0,0.01879344641681378
1141,113,2024-09-23,2,1.7256637168141593,195,0,0.01872483758540878
1296,104,2024-09-25,0,1.75,182,0,0.01866082495970863
1168,104,2024-09-25,0,1.75,182,0,0.01866082495970863
1269,108,2024-09-24,1,1.7407407407407407,188,0,0.018531355496228995
1246,111,2024-09-25,0,1.7297297297297296,192,0,0.018451691917108392
366,147,2024-09-12,13,1.6462585034013604,242,0,0.018386392598485842
442,129,2024-09-25,0,1.6744186046511629,216,0,0.018299189914910016
693,119,2024-09-25,0,1.7058823529411764,203,0,0.018296233060977718
28,115,2024-09-24,1,1.7217391304347827,198,0,0.01817337983788915
238,88,2024-09-24,1,1.8068181818181817,159,0,0.018150490057506758
397,117,2024-09-23,2,1.717948717948718,201,0,0.018143428596280268
62,132,2024-09-25,0,1.6666666666666667,220,0,0.018100755959256292
887,89,2024-09-22,3,1.808988764044944,161,0,0.01805319646463413
483,77,2024-09-24,1,1.844155844155844,142,0,0.017828733895018455
1470,139,2024-09-25,0,1.6474820143884892,229,0,0.017772060278711765
1326,99,2024-09-23,2,1.777777777777778,176,0,0.017765846821878994
675,102,2024-09-25,0,1.7647058823529411,180,0,0.017668475555696953
742,134,2024-09-25,0,1.664179104477612,223,0,0.01765957976735039
664,105,2024-09-23,2,1.761904761904762,185,0,0.017424126877641413
621,128,2024-09-24,1,1.6875,216,0,0.017407399536704896
192,122,2024-09-25,0,1.7049180327868851,208,0,0.017317390906086225
833,125,2024-09-25,0,1.696,212,0,0.017259698555461587
15,80,2024-09-25,0,1.8375,147,0,0.017256875835010167
1165,80,2024-09-25,0,1.8375,147,0,0.017256875835010167
1330,93,2024-09-16,9,1.8172043010752688,169,0,0.017213706577190117
318,152,2024-09-25,0,1.611842105263158,245,0,0.01717836119480065
190,103,2024-09-25,0,1.766990291262136,182,0,0.0170562497496701
1123,105,2024-09-25,0,1.761904761904762,185,0,0.016923501826153355
881,130,2024-09-25,0,1.6846153846153846,219,0,0.01678025688828341
565,100,2024-09-25,0,1.78,178,0,0.016664150612824634
1122,84,2024-09-19,6,1.8452380952380951,155,0,0.016504955571412006
852,115,2024-09-23,2,1.7391304347826089,200,0,0.016470026984711707
63,101,2024-09-24,1,1.7821782178217822,180,0,0.016333859783907164
113,83,2024-09-22,3,1.843373493975904,153,0,0.01632124171887264
819,144,2024-09-25,0,1.6458333333333333,237,0,0.016218959341502564
1410,95,2024-09-25,0,1.8,171,0,0.016206695422170635
574,97,2024-09-25,0,1.7938144329896908,174,0,0.016195925549527077
1231,97,2024-09-25,0,1.7938144329896908,174,0,0.016195925549527077
500,116,2024-09-18,7,1.75,203,0,0.016173125879473192
817,75,2024-09-24,1,1.8666666666666667,140,0,0.01604456269552855
255,110,2024-09-25,0,1.7545454545454544,193,0,0.016028077672557827
395,125,2024-09-23,2,1.712,214,0,0.016014913127447492
303,138,2024-09-25,0,1.6666666666666667,230,0,0.01601244556696974
380,114,2024-09-24,1,1.7456140350877192,199,0,0.015882664122258302
1088,98,2024-09-24,1,1.7959183673469388,176,0,0.015882439708359494
687,85,2024-09-25,0,1.8352941176470587,156,0,0.015805277029335468
136,141,2024-09-25,0,1.6595744680851063,234,0,0.015770562761662936
653,90,2024-09-24,1,1.8222222222222224,164,0,0.01576375430050291
1441,116,2024-09-24,1,1.7413793103448276,202,0,0.015671894525833913
821,73,2024-09-24,1,1.8767123287671237,137,0,0.015657015038657105
926,136,2024-09-25,0,1.676470588235294,228,0,0.015650263604413968
418,103,2024-09-18,7,1.7961165048543688,185,0,0.015630424304626907
1414,81,2024-09-24,1,1.851851851851852,150,0,0.015627432033816432
252,139,2024-09-22,3,1.6762589928057554,233,0,0.01539863976804194
1170,97,2024-09-24,1,1.8041237113402064,175,0,0.015367790747343372
1193,110,2024-09-25,0,1.7636363636363637,194,0,0.015107242072577865
1266,82,2024-09-25,0,1.8536585365853655,152,0,0.014912399269703952
419,77,2024-09-25,0,1.87012987012987,144,0,0.014839549083620927
214,90,2024-09-24,1,1.8333333333333333,165,0,0.014663639360417691
132,98,2024-09-25,0,1.806122448979592,177,0,0.01464612534185141
68,97,2024-09-23,2,1.8144329896907216,176,0,0.014581372771508977
140,90,2024-09-25,0,1.8333333333333333,165,0,0.014450887754140813
1031,107,2024-09-23,2,1.7850467289719627,191,0,0.014387662111800165
1023,101,2024-09-24,1,1.801980198019802,182,0,0.014358307879299119
734,117,2024-09-20,5,1.7606837606837609,206,0,0.014355249102892837
283,76,2024-09-24,1,1.8815789473684208,143,0,0.014264891923353017
1129,126,2024-09-25,0,1.722222222222222,217,0,0.014257383813990467
1500,119,2024-09-24,1,1.7478991596638656,208,0,0.014125444957449582
1402,128,2024-09-25,0,1.71875,220,0,0.013998124156785682
1265,80,2024-09-23,2,1.875,150,0,0.013920136598424221
1221,96,2024-09-24,1,1.8229166666666667,175,0,0.013878264729612632
762,80,2024-09-24,1,1.875,150,0,0.013718022131695247
528,80,2024-09-25,0,1.875,150,0,0.013518802048578282
1041,88,2024-09-24,1,1.8522727272727275,163,0,0.01350289228196734
761,115,2024-09-22,3,1.7739130434782608,204,0,0.01332452270359876
520,131,2024-09-22,3,1.7251908396946565,226,0,0.013187889780582844
340,120,2024-09-20,5,1.7666666666666668,212,0,0.012982423801712814
230,76,2024-09-25,0,1.8947368421052633,144,0,0.012901723564601918
35,97,2024-09-23,2,1.8350515463917527,178,0,0.012746901540961855
1380,134,2024-09-25,0,1.7164179104477613,230,0,0.012567070377040695
1217,77,2024-09-25,0,1.896103896103896,146,0,0.012527380269847857
1003,119,2024-09-21,4,1.773109243697479,211,0,0.012521207724681757
369,137,2024-09-25,0,1.708029197080292,234,0,0.012481793150879167
43,80,2024-09-25,0,1.8875,151,0,0.01245986198606837
588,120,2024-09-23,2,1.7666666666666668,212,0,0.012424479308571733
501,134,2024-09-23,2,1.7238805970149254,231,0,0.012325228960005522
115,135,2024-09-24,1,1.7185185185185183,232,0,0.012323211950682266
196,129,2024-09-21,4,1.744186046511628,225,0,0.012317222743838027
680,128,2024-09-25,0,1.7421875,223,0,0.012012900955490327
943,66,2024-09-24,1,1.9393939393939397,128,0,0.012009581451257974
535,79,2024-09-24,1,1.8987341772151896,150,0,0.01199306071408974
580,84,2024-09-25,0,1.8809523809523807,158,0,0.011978898477990227
813,66,2024-09-25,0,1.9393939393939397,128,0,0.011834874493905804
923,105,2024-09-24,1,1.8190476190476192,191,0,0.0118331783208027
637,130,2024-09-25,0,1.7384615384615385,226,0,0.011813534948098942
365,88,2024-09-23,2,1.875,165,0,0.011812857643067038
233,123,2024-09-25,0,1.7642276422764227,217,0,0.011526911636051098
492,67,2024-09-25,0,1.9402985074626864,130,0,0.011525909556557681
1005,83,2024-09-25,0,1.8915662650602407,157,0,0.011408255309725578
1066,126,2024-09-23,2,1.761904761904762,222,0,0.011331040331103727
775,70,2024-09-21,4,1.9428571428571428,136,0,0.011300839244081241
104,140,2024-09-22,3,1.7214285714285713,241,0,0.011235530996603215
531,65,2024-09-25,0,1.9538461538461536,127,0,0.010991697372548495
37,123,2024-09-21,4,1.7804878048780488,219,0,0.010990694463053858
700,97,2024-09-25,0,1.8556701030927836,180,0,0.010818537755951301
890,85,2024-09-25,0,1.8941176470588237,161,0,0.010767650178453063
1444,81,2024-09-22,3,1.91358024691358,155,0,0.010756579212901565
1020,108,2024-09-25,0,1.824074074074074,197,0,0.010609252587348848
33,63,2024-09-25,0,1.9682539682539684,124,0,0.01042316174906237
642,113,2024-09-24,1,1.8141592920353984,205,0,0.010364928447104736
522,116,2024-09-23,2,1.8103448275862069,210,0,0.010138603322994924
1086,117,2024-09-25,0,1.8034188034188037,211,0,0.010091974293969718
1271,83,2024-09-25,0,1.9156626506024097,159,0,0.009744558604089836
591,67,2024-09-25,0,1.9701492537313436,132,0,0.00948119285364085
451,72,2024-09-25,0,1.9583333333333333,141,0,0.009241870282671741
746,143,2024-09-24,1,1.7412587412587412,249,0,0.00900885929687949
433,86,2024-09-21,4,1.9302325581395348,166,0,0.00883103476000792
7,141,2024-09-21,4,1.7588652482269505,248,0,0.00874199518771624
347,69,2024-09-25,0,1.985507246376812,137,0,0.00822737818155603
99,90,2024-09-24,1,1.9222222222222225,173,0,0.008200808729312798
508,95,2024-09-25,0,1.9052631578947368,181,0,0.00814701611538112
1423,93,2024-09-24,1,1.913978494623656,178,0,0.008137175465105737
1089,67,2024-09-24,1,2.0,134,0,0.00791191893751172
1366,80,2024-09-24,1,1.9625,157,0,0.007738912097891502
2,73,2024-09-25,0,1.9863013698630136,145,0,0.007536607158866282
200,104,2024-09-25,0,1.8942307692307687,197,0,0.007274694858059422
341,118,2024-09-21,4,1.8644067796610169,220,0,0.007029774760624016
1063,85,2024-09-25,0,1.9647058823529409,167,0,0.006779383620749665
486,77,2024-09-23,2,2.0,154,0,0.006532160849584058
666,82,2024-09-25,0,1.9878048780487805,163,0,0.0061972923534353245
599,147,2024-09-16,9,1.809523809523809,266,0,0.005962321715861673
721,85,2024-09-23,2,2.011764705882353,171,0,0.0051247931394146256
638,82,2024-09-24,1,2.048780487804878,168,0,0.004211456068128237
453,67,2024-09-25,0,2.1044776119402986,141,0,0.00392283243833497
259,88,2024-09-25,0,2.0454545454545454,180,0,0.003746123858934971
414,87,2024-09-25,0,2.057471264367816,179,0,0.0035334463370482617
490,122,2024-09-25,0,1.9508196721311477,238,0,0.003455532351737218
623,65,2024-09-25,0,2.2,143,0,0.0021784251942477185
1208,89,2024-09-25,0,2.449438202247191,218,0,0.00025475742581810776
645,104,2024-09-25,0,2.432692307692308,253,0,0.00020836498298736165
633,122,2024-09-25,0,2.39344262295082,292,0,0.00018580010050904888
929,185,2024-09-25,0,2.216216216216216,410,0,0.0001618913787623759
1198,84,2024-09-25,0,2.5357142857142856,213,0,0.0001598014156104378
692,130,2024-09-24,1,2.4153846153846157,314,0,0.00013813080869014315
1150,190,2024-09-25,0,2.2578947368421054,429,0,0.00011077473311224246
31,88,2024-09-25,0,2.5795454545454546,227,0,0.00011006345108594544
1158,186,2024-09-25,0,2.2795698924731185,424,0,0.00010430761964973226
604,122,2024-09-25,0,2.483606557377049,303,0,0.0001023756912449344
1481,138,2024-09-25,0,2.434782608695652,336,0,0.00010138014978999658
338,217,2024-09-25,0,2.1889400921658986,475,0,9.970235346089601e-05
956,166,2024-09-25,0,2.36144578313253,392,0,9.199672746721374e-05
412,97,2024-09-24,1,2.587628865979381,251,0,8.782972273787839e-05
703,205,2024-09-24,1,2.248780487804878,461,0,8.742930870662017e-05
351,107,2024-09-25,0,2.5607476635514015,274,0,8.396840991273321e-05
1381,92,2024-09-25,0,2.6086956521739126,240,0,8.353118388654771e-05
1153,186,2024-09-25,0,2.317204301075269,431,0,8.133310001735744e-05
676,162,2024-09-25,0,2.3950617283950617,388,0,8.005063946951184e-05
548,162,2024-09-25,0,2.3950617283950617,388,0,8.005063946951184e-05
529,152,2024-09-25,0,2.4276315789473686,369,0,7.945434530551411e-05
870,145,2024-09-25,0,2.4551724137931035,356,0,7.660026979729192e-05
463,152,2024-09-25,0,2.4342105263157894,370,0,7.607275832671631e-05
611,121,2024-09-23,2,2.537190082644628,307,0,7.555522338317658e-05
958,178,2024-09-25,0,2.353932584269663,419,0,7.534051947693142e-05
652,98,2024-09-25,0,2.612244897959184,256,0,7.20279493176863e-05
1258,97,2024-09-25,0,2.618556701030928,254,0,7.053517349768897e-05
1148,111,2024-09-25,0,2.576576576576577,286,0,6.959294473757466e-05
596,85,2024-09-25,0,2.6588235294117646,226,0,6.9360564151974e-05
436,135,2024-09-25,0,2.503703703703704,338,0,6.841585864774262e-05
1336,95,2024-09-25,0,2.631578947368421,250,0,6.74637609353913e-05
663,192,2024-09-22,3,2.34375,450,0,6.298202466163213e-05
661,234,2024-09-25,0,2.205128205128205,516,0,6.291912261268143e-05
964,177,2024-09-25,0,2.3898305084745766,423,0,6.0672119964694555e-05
211,184,2024-09-25,0,2.375,437,0,5.7860763365083844e-05
112,195,2024-09-25,0,2.343589743589744,457,0,5.66598767021281e-05
25,102,2024-09-25,0,2.6372549019607843,269,0,5.618101079351536e-05
459,114,2024-09-24,1,2.6052631578947367,297,0,5.48990350187536e-05
639,96,2024-09-24,1,2.666666666666667,256,0,5.317951318284182e-05
822,178,2024-09-24,1,2.4101123595505616,429,0,5.274386103773222e-05
551,124,2024-09-25,0,2.5806451612903225,320,0,5.1705953883357014e-05
774,162,2024-09-25,0,2.4629629629629632,399,0,5.1099229413811834e-05
1109,122,2024-09-25,0,2.5901639344262293,316,0,5.061321616557578e-05
411,186,2024-09-25,0,2.3924731182795695,445,0,4.944971561937864e-05
213,152,2024-09-23,2,2.506578947368421,381,0,4.856613877851531e-05
311,143,2024-09-25,0,2.5314685314685317,362,0,4.822025450449443e-05
786,121,2024-09-25,0,2.603305785123967,315,0,4.737600600868259e-05
1103,124,2024-09-25,0,2.596774193548387,322,0,4.647634423358398e-05
1229,144,2024-09-25,0,2.5347222222222223,365,0,4.6223324137521715e-05
1126,139,2024-09-25,0,2.553956834532374,355,0,4.516152215483667e-05
829,164,2024-09-25,0,2.475609756097561,406,0,4.5086928333362766e-05
1081,125,2024-09-25,0,2.6,325,0,4.455984427636333e-05
873,140,2024-09-24,1,2.557142857142857,358,0,4.395772439764377e-05
1149,85,2024-09-25,0,2.7294117647058824,232,0,4.3495638159630326e-05
237,87,2024-09-25,0,2.7241379310344827,237,0,4.320505321547757e-05
296,89,2024-09-25,0,2.7191011235955056,242,0,4.284921231542547e-05
1175,160,2024-09-25,0,2.5,400,0,4.1699310312644865e-05
224,159,2024-09-25,0,2.50314465408805,398,0,4.169909830333687e-05
1260,189,2024-09-25,0,2.412698412698413,456,0,4.064568086559643e-05
1214,85,2024-09-25,0,2.7411764705882358,233,0,4.024087635799477e-05
480,165,2024-09-25,0,2.4909090909090907,411,0,3.99114369871957e-05
955,231,2024-09-23,2,2.29004329004329,529,0,3.93496902404102e-05
357,200,2024-09-25,0,2.385,477,0,3.8837244898106745e-05
40,126,2024-09-25,0,2.619047619047619,330,0,3.847941166694939e-05
1035,130,2024-09-25,0,2.607692307692308,339,0,3.817024492569778e-05
1262,219,2024-09-25,0,2.328767123287671,510,0,3.794867750065476e-05
270,141,2024-09-25,0,2.5744680851063833,363,0,3.782896270025108e-05
1247,163,2024-09-25,0,2.50920245398773,409,0,3.686611247750344e-05
1274,164,2024-09-25,0,2.5060975609756095,411,0,3.6856610337312924e-05
695,196,2024-09-24,1,2.4081632653061225,472,0,3.675276919108655e-05
371,91,2024-09-25,0,2.7362637362637363,249,0,3.669552016450792e-05
805,131,2024-09-25,0,2.6106870229007635,342,0,3.665219635786541e-05
1116,153,2024-09-25,0,2.5424836601307192,389,0,3.641980615667002e-05
803,118,2024-09-25,0,2.652542372881356,313,0,3.6414332191798965e-05
139,108,2024-09-25,0,2.6851851851851847,290,0,3.612564175954472e-05
470,199,2024-09-25,0,2.4020100502512562,478,0,3.54353180915668e-05
26,189,2024-09-25,0,2.4338624338624335,460,0,3.533857317753243e-05
1006,182,2024-09-25,0,2.456043956043956,447,0,3.529786907592988e-05
297,136,2024-09-24,1,2.602941176470588,354,0,3.528964376974503e-05
21,104,2024-09-25,0,2.7019230769230766,281,0,3.5145096987515536e-05
1117,183,2024-09-24,1,2.459016393442623,450,0,3.440552940236928e-05
779,211,2024-09-25,0,2.3696682464454977,500,0,3.419602228907748e-05
519,124,2024-09-25,0,2.645161290322581,328,0,3.3752417746292255e-05
1202,102,2024-09-25,0,2.715686274509804,277,0,3.3450412965810026e-05
1442,212,2024-09-25,0,2.3726415094339623,503,0,3.284068248283752e-05
138,122,2024-09-25,0,2.6557377049180326,324,0,3.280888151570936e-05
856,191,2024-09-25,0,2.4397905759162306,466,0,3.259680047214353e-05
116,160,2024-09-25,0,2.5375,406,0,3.254318723828721e-05
461,171,2024-09-25,0,2.502923976608187,428,0,3.25417431965192e-05
241,157,2024-09-25,0,2.547770700636943,400,0,3.23631684523269e-05
682,214,2024-09-25,0,2.3691588785046727,507,0,3.223725939060773e-05
571,133,2024-09-25,0,2.62406015037594,349,0,3.218474901961e-05
1403,222,2024-09-24,1,2.3468468468468466,521,0,3.2110531052635266e-05
429,180,2024-09-25,0,2.4777777777777774,446,0,3.1871326121339705e-05
733,165,2024-09-25,0,2.527272727272728,417,0,3.138275858787986e-05
440,125,2024-09-25,0,2.656,332,0,3.077218434557608e-05
711,184,2024-09-24,1,2.4728260869565215,455,0,3.075753061470802e-05
832,88,2024-09-25,0,2.772727272727273,244,0,3.069020055679186e-05
794,190,2024-09-25,0,2.4526315789473685,466,0,3.057262810207334e-05
1465,131,2024-09-25,0,2.6412213740458013,346,0,2.995231780111806e-05
506,157,2024-09-25,0,2.5605095541401277,402,0,2.974920976986733e-05
516,100,2024-09-25,0,2.74,274,0,2.9692424731045385e-05
293,119,2024-09-25,0,2.6806722689075633,319,0,2.9612816721945354e-05
1159,221,2024-09-25,0,2.3619909502262444,522,0,2.9224818660647973e-05
1417,147,2024-09-24,1,2.5986394557823127,382,0,2.888716845012359e-05
1415,188,2024-09-25,0,2.4680851063829787,464,0,2.8775054580594887e-05
92,226,2024-09-25,0,2.353982300884956,532,0,2.7772355000454036e-05
435,177,2024-09-25,0,2.5084745762711864,444,0,2.7691335584339593e-05
210,215,2024-09-25,0,2.390697674418605,514,0,2.738353359247091e-05
1091,136,2024-09-25,0,2.6397058823529407,359,0,2.726768198817733e-05
51,198,2024-09-23,2,2.4494949494949494,485,0,2.722743454354997e-05
1347,131,2024-09-25,0,2.6564885496183206,348,0,2.7076681990121585e-05
70,189,2024-09-25,0,2.476190476190476,468,0,2.6712673886177893e-05
1458,164,2024-09-25,0,2.554878048780488,419,0,2.6696705584576206e-05
1443,235,2024-09-25,0,2.331914893617021,548,0,2.6652145212352686e-05
1322,213,2024-09-24,1,2.403755868544601,512,0,2.6576091130894204e-05
583,98,2024-09-25,0,2.76530612244898,271,0,2.6184259288134294e-05
110,102,2024-09-25,0,2.7549019607843137,281,0,2.581105956485479e-05
159,218,2024-09-22,3,2.3990825688073394,523,0,2.544820501116286e-05
323,226,2024-09-25,0,2.3672566371681416,535,0,2.5438966814369163e-05
590,225,2024-09-24,1,2.373333333333333,534,0,2.532326038461401e-05
1137,111,2024-09-25,0,2.7297297297297294,303,0,2.5283653930354953e-05
251,119,2024-09-25,0,2.705882352941176,322,0,2.5066669902588358e-05
1316,125,2024-09-25,0,2.688,336,0,2.4904631234149777e-05
271,168,2024-09-25,0,2.553571428571429,429,0,2.4780059853469156e-05
628,183,2024-09-25,0,2.5081967213114758,459,0,2.4489581548850416e-05
1008,157,2024-09-24,1,2.592356687898089,407,0,2.4461151542406674e-05
581,134,2024-09-25,0,2.664179104477612,357,0,2.4178767086830787e-05
902,237,2024-09-25,0,2.3417721518987342,555,0,2.3953917386730057e-05
838,198,2024-09-25,0,2.464646464646465,488,0,2.3912336049505284e-05
158,165,2024-09-25,0,2.56969696969697,424,0,2.3707340538663988e-05
679,122,2024-09-25,0,2.704918032786885,330,0,2.3702011170142584e-05
167,141,2024-09-25,0,2.6453900709219855,373,0,2.3669776095237792e-05
1385,214,2024-09-25,0,2.4158878504672896,517,0,2.3669559008629425e-05
848,210,2024-09-25,0,2.428571428571429,510,0,2.3652658824511046e-05
274,108,2024-09-25,0,2.75,297,0,2.3535312325301988e-05
58,87,2024-09-25,0,2.8160919540229883,245,0,2.3524365814855286e-05
48,223,2024-09-25,0,2.390134529147982,533,0,2.3275155023621673e-05
937,83,2024-09-25,0,2.8313253012048194,235,0,2.311462280367099e-05
409,198,2024-09-23,2,2.474747474747475,490,0,2.304101619926921e-05
289,112,2024-09-25,0,2.741071428571429,307,0,2.2974642600928792e-05
240,196,2024-09-25,0,2.4795918367346936,486,0,2.2582095419838594e-05
568,116,2024-09-25,0,2.7327586206896552,317,0,2.2336214436001315e-05
1038,221,2024-09-25,0,2.4027149321266967,531,0,2.232673012320496e-05
103,127,2024-09-24,1,2.7007874015748032,343,0,2.22819000064413e-05
1043,201,2024-09-25,0,2.467661691542289,496,0,2.2023402743038896e-05
53,168,2024-09-25,0,2.5714285714285716,432,0,2.202068400317449e-05
163,127,2024-09-25,0,2.7007874015748032,343,0,2.1953883656200968e-05
445,130,2024-09-25,0,2.6923076923076925,350,0,2.1816150507566424e-05
1422,217,2024-09-25,0,2.419354838709677,525,0,2.173479115332208e-05
1056,104,2024-09-25,0,2.7788461538461537,289,0,2.1135066724844468e-05
313,196,2024-09-25,0,2.4897959183673466,488,0,2.1108927426267187e-05
1183,139,2024-09-25,0,2.6690647482014387,371,0,2.10995258861289e-05
857,218,2024-09-25,0,2.422018348623853,528,0,2.0916123941629344e-05
690,194,2024-09-24,1,2.5,485,0,2.0876729797619368e-05
466,216,2024-09-25,0,2.430555555555556,525,0,2.0607371093287014e-05
38,126,2024-09-25,0,2.7142857142857144,342,0,2.0501309090116802e-05
14,150,2024-09-25,0,2.64,396,0,2.0343673324249402e-05
386,187,2024-09-25,0,2.524064171122995,472,0,2.0291566641105862e-05
514,107,2024-09-25,0,2.7757009345794397,297,0,2.0274675829834217e-05
654,210,2024-09-25,0,2.4523809523809526,515,0,2.020774272679003e-05
874,229,2024-09-25,0,2.3930131004366806,548,0,2.0158909869987915e-05
17,102,2024-09-25,0,2.794117647058824,285,0,1.9916335089518606e-05
295,208,2024-09-25,0,2.4615384615384612,512,0,1.9827965868714028e-05
1407,229,2024-09-25,0,2.3973799126637556,549,0,1.9585243669783867e-05
641,126,2024-09-25,0,2.7222222222222223,343,0,1.9453339313836727e-05
243,117,2024-09-25,0,2.752136752136752,322,0,1.9246157647056533e-05
1201,213,2024-09-25,0,2.450704225352113,522,0,1.9197811435769545e-05
1134,227,2024-09-24,1,2.409691629955947,547,0,1.9101777982167853e-05
622,128,2024-09-25,0,2.71875,348,0,1.909457996305883e-05
1263,181,2024-09-25,0,2.552486187845304,462,0,1.904892429514069e-05
96,184,2024-09-25,0,2.543478260869565,468,0,1.8995636026202775e-05
1259,119,2024-09-25,0,2.747899159663865,327,0,1.8987051585698715e-05
802,138,2024-09-25,0,2.6884057971014492,371,0,1.895689203371716e-05
1013,192,2024-09-25,0,2.520833333333333,484,0,1.8683495190293556e-05
706,118,2024-09-25,0,2.754237288135593,325,0,1.859028960887047e-05
871,216,2024-09-24,1,2.449074074074074,529,0,1.850515702949857e-05
1163,129,2024-09-25,0,2.7209302325581395,351,0,1.8434161896978947e-05
844,197,2024-09-25,0,2.5076142131979693,494,0,1.8377193892006367e-05
1022,180,2024-09-25,0,2.5611111111111113,461,0,1.8371016588845146e-05
884,215,2024-09-25,0,2.4511627906976745,527,0,1.8360373424261074e-05
624,120,2024-09-25,0,2.75,330,0,1.833997626709784e-05
180,161,2024-09-25,0,2.62111801242236,422,0,1.8337878892244126e-05
1256,198,2024-09-23,2,2.51010101010101,497,0,1.8238706671177434e-05
1234,212,2024-09-25,0,2.462264150943396,522,0,1.8158811357760943e-05
933,125,2024-09-25,0,2.736,342,0,1.813267673203561e-05
123,232,2024-09-25,0,2.400862068965517,557,0,1.7982521499506124e-05
1194,198,2024-09-24,1,2.51010101010101,497,0,1.7970209917001173e-05
119,214,2024-09-25,0,2.457943925233645,526,0,1.7924133113453785e-05
924,204,2024-09-25,0,2.4901960784313726,508,0,1.7828014854524297e-05
27,223,2024-09-25,0,2.430493273542601,542,0,1.7824360133241273e-05
547,183,2024-09-25,0,2.557377049180328,468,0,1.7691886104513506e-05
401,184,2024-09-25,0,2.5543478260869565,470,0,1.7678479727255766e-05
1334,207,2024-09-25,0,2.483091787439613,514,0,1.7555799252263088e-05
174,190,2024-09-25,0,2.536842105263158,482,0,1.7520519235219252e-05
1369,190,2024-09-25,0,2.536842105263158,482,0,1.7520519235219252e-05
308,205,2024-09-24,1,2.4926829268292683,511,0,1.7433186930281947e-05
527,94,2024-09-25,0,2.8404255319148937,267,0,1.731663795931797e-05
1255,131,2024-09-25,0,2.7251908396946565,357,0,1.71924060035655e-05
94,131,2024-09-25,0,2.7251908396946565,357,0,1.71924060035655e-05
1270,131,2024-09-25,0,2.7251908396946565,357,0,1.71924060035655e-05
145,107,2024-09-25,0,2.803738317757009,300,0,1.6844278292327947e-05
969,224,2024-09-25,0,2.4375,546,0,1.66674540671352e-05
72,203,2024-09-24,1,2.5073891625615765,509,0,1.6489423714379773e-05
671,104,2024-09-25,0,2.8173076923076925,293,0,1.6389740613147065e-05
772,209,2024-09-25,0,2.4880382775119614,520,0,1.6299133473791252e-05
739,225,2024-09-24,1,2.44,549,0,1.6296911017178e-05
225,112,2024-09-25,0,2.7946428571428568,313,0,1.6122541599909112e-05
656,205,2024-09-25,0,2.502439024390244,513,0,1.6103635542599035e-05
584,177,2024-09-25,0,2.5932203389830506,459,0,1.5813237074116583e-05
808,212,2024-09-24,1,2.4858490566037736,527,0,1.5769239185902036e-05
1467,86,2024-09-24,1,2.883720930232558,248,0,1.5588632891104393e-05
1173,212,2024-09-25,0,2.4858490566037736,527,0,1.553709554131452e-05
223,112,2024-09-24,1,2.803571428571429,314,0,1.5425471286013947e-05
1110,121,2024-09-24,1,2.7768595041322315,336,0,1.526487202650334e-05
716,101,2024-09-25,0,2.8415841584158414,287,0,1.4857619447459408e-05
1206,206,2024-09-24,1,2.5145631067961163,518,0,1.4774983405596077e-05
534,153,2024-09-25,0,2.6797385620915035,410,0,1.4697743841698379e-05
1342,115,2024-09-25,0,2.8,322,0,1.4620811291009557e-05
74,223,2024-09-25,0,2.4618834080717487,549,0,1.4483907128076028e-05
1215,139,2024-09-25,0,2.726618705035971,379,0,1.4421898486130385e-05
1132,228,2024-09-24,1,2.4517543859649122,559,0,1.4166915281283015e-05
1012,229,2024-09-25,0,2.4497816593886466,561,0,1.3850699676939843e-05
88,192,2024-09-25,0,2.567708333333333,493,0,1.3704693661346791e-05
878,214,2024-09-25,0,2.5,535,0,1.3573303148041002e-05
683,149,2024-09-25,0,2.7046979865771807,403,0,1.3542338168945986e-05
1,148,2024-09-25,0,2.7094594594594597,401,0,1.3398284012812049e-05
455,212,2024-09-25,0,2.5094339622641506,532,0,1.3293890317383629e-05
657,185,2024-09-25,0,2.5945945945945943,480,0,1.3269678087307102e-05
674,227,2024-09-25,0,2.4625550660792954,559,0,1.3269358488566434e-05
1179,184,2024-09-25,0,2.5978260869565215,478,0,1.3261994579079707e-05
55,143,2024-09-25,0,2.7272727272727275,390,0,1.3214090118882437e-05
1223,105,2024-09-25,0,2.847619047619048,299,0,1.3137548767315606e-05
617,94,2024-09-25,0,2.8829787234042556,271,0,1.3070239988678961e-05
1370,207,2024-09-24,1,2.531400966183575,524,0,1.2946570441872249e-05
897,141,2024-09-25,0,2.7375886524822692,386,0,1.2866827519492497e-05
1301,223,2024-09-25,0,2.4798206278026904,553,0,1.2864229152378814e-05
427,163,2024-09-25,0,2.6687116564417175,435,0,1.2842311500137462e-05
32,226,2024-09-25,0,2.4734513274336285,559,0,1.2606398195594117e-05
421,121,2024-09-25,0,2.809917355371901,340,0,1.2087469850988465e-05
337,221,2024-09-25,0,2.497737556561086,552,0,1.1912246827047088e-05
1435,173,2024-09-25,0,2.6531791907514446,459,0,1.1560381667968619e-05
78,200,2024-09-25,0,2.57,514,0,1.1430748837034067e-05
1120,199,2024-09-22,3,2.5829145728643215,514,0,1.1203235809827427e-05
1220,127,2024-09-25,0,2.803149606299213,356,0,1.1158508297621015e-05
1068,231,2024-09-25,0,2.476190476190476,572,0,1.115814580467093e-05
325,132,2024-09-25,0,2.787878787878788,368,0,1.11254627059122e-05
698,186,2024-09-25,0,2.618279569892473,487,0,1.1112923455210234e-05
1102,210,2024-09-25,0,2.5428571428571427,534,0,1.1110659771988027e-05
625,129,2024-09-25,0,2.798449612403101,361,0,1.104198750438115e-05
1145,140,2024-09-25,0,2.7642857142857142,387,0,1.101145398008637e-05
1237,158,2024-09-25,0,2.7088607594936707,428,0,1.0926969734830066e-05
1389,93,2024-09-25,0,2.913978494623656,271,0,1.087182976341697e-05
203,96,2024-09-25,0,2.90625,279,0,1.0750098815538646e-05
917,181,2024-09-25,0,2.640883977900552,478,0,1.0618419224111301e-05
726,150,2024-09-25,0,2.74,411,0,1.0502828584827405e-05
1240,182,2024-09-24,1,2.642857142857143,481,0,1.0418579462246555e-05
310,215,2024-09-24,1,2.5395348837209304,546,0,1.038928142161955e-05
423,171,2024-09-24,1,2.6783625730994154,458,0,1.0355217531969585e-05
1290,159,2024-09-24,1,2.716981132075472,432,0,1.0294333964682887e-05
841,164,2024-09-25,0,2.701219512195122,443,0,1.0145617043512526e-05
895,218,2024-09-25,0,2.5321100917431196,552,0,1.0101418799583898e-05
217,133,2024-09-25,0,2.8045112781954886,373,0,9.761920984543212e-06
532,155,2024-09-25,0,2.735483870967742,424,0,9.753014582168751e-06
434,127,2024-09-25,0,2.8267716535433074,359,0,9.5451218858199e-06
312,181,2024-09-25,0,2.657458563535912,481,0,9.516344916446816e-06
95,120,2024-09-25,0,2.85,342,0,9.468370692510048e-06
644,90,2024-09-25,0,2.944444444444444,265,0,9.46036819205088e-06
1177,88,2024-09-25,0,2.9545454545454546,260,0,9.22484941883553e-06
447,188,2024-09-22,3,2.648936170212766,498,0,9.100700308211087e-06
301,208,2024-09-25,0,2.5817307692307687,537,0,8.957315511260324e-06
1080,104,2024-09-25,0,2.9134615384615383,303,0,8.679434290277676e-06
498,102,2024-09-25,0,2.9215686274509802,298,0,8.575662920839954e-06
1161,177,2024-09-24,1,2.689265536723164,476,0,8.505364119676323e-06
831,207,2024-09-25,0,2.5942028985507246,537,0,8.421591318336287e-06
13,161,2024-09-25,0,2.739130434782609,441,0,8.404414240743522e-06
221,115,2024-09-25,0,2.88695652173913,332,0,8.22807561950031e-06
717,155,2024-09-25,0,2.7612903225806447,428,0,8.22322459857613e-06
626,192,2024-09-25,0,2.645833333333333,508,0,8.176237075393502e-06
345,139,2024-09-25,0,2.8129496402877696,391,0,8.149771166556805e-06
29,200,2024-09-25,0,2.625,525,0,7.946138715742533e-06
563,146,2024-09-25,0,2.8013698630136985,409,0,7.606864483363627e-06
1307,238,2024-09-25,0,2.5126050420168067,598,0,7.583133796162087e-06
1239,184,2024-09-25,0,2.684782608695652,494,0,7.463377185996363e-06
207,127,2024-09-25,0,2.866141732283465,364,0,7.357667485408639e-06
1360,136,2024-09-25,0,2.838235294117647,386,0,7.338792310649389e-06
985,118,2024-09-25,0,2.898305084745763,342,0,7.17188041357568e-06
477,235,2024-09-25,0,2.5319148936170213,595,0,7.103721409741796e-06
1097,177,2024-09-24,1,2.7231638418079096,482,0,6.797705422774674e-06
1113,153,2024-09-25,0,2.797385620915033,428,0,6.7523853518020155e-06
1252,163,2024-09-25,0,2.766871165644172,451,0,6.711244261045861e-06
1200,176,2024-09-22,3,2.7329545454545454,481,0,6.701307660731154e-06
1447,196,2024-09-24,1,2.6683673469387754,523,0,6.579396143609559e-06
835,106,2024-09-25,0,2.952830188679245,313,0,6.418009017848223e-06
1076,205,2024-09-25,0,2.6439024390243904,542,0,6.320450002425536e-06
1397,199,2024-09-24,1,2.6683417085427137,531,0,6.182711187585573e-06
73,97,2024-09-25,0,2.9896907216494846,290,0,6.064659010376743e-06
476,181,2024-09-25,0,2.729281767955801,494,0,5.918990719955565e-06
50,159,2024-09-25,0,2.79874213836478,445,0,5.907461863267217e-06
268,94,2024-09-25,0,3.0106382978723403,283,0,5.620063454335715e-06
1182,101,2024-09-25,0,2.99009900990099,302,0,5.565785679757407e-06
376,117,2024-09-25,0,2.9572649572649574,346,0,4.9587364157826035e-06
393,81,2024-09-25,0,3.074074074074074,249,0,4.841171735448157e-06
814,183,2024-09-25,0,2.7540983606557377,504,0,4.81880107052239e-06
1451,92,2024-09-25,0,3.043478260869565,280,0,4.7152312727710025e-06
5,147,2024-09-25,0,2.8775510204081636,423,0,4.502390088348691e-06
824,106,2024-09-25,0,3.0188679245283017,320,0,4.147523878194276e-06
1319,154,2024-09-25,0,2.876623376623377,443,0,3.9166811003386435e-06
555,120,2024-09-25,0,3.058333333333333,367,0,2.3883408504288378e-06
904,209,2024-09-25,0,2.779904306220096,581,0,2.3667005706658538e-06
1340,122,2024-09-24,1,3.065573770491804,374,0,2.2166350744851966e-06
