"user_id","active_days","last_active_date","days_since_last_activity","avg_sessions_per_day","total_sessions","churned"
1,"148","2024-09-25",0,"2.7094594594594595","401",0
2,"73","2024-09-25",0,"1.9863013698630137","145",0
3,"33","2024-08-26",30,"1.2121212121212121","40",0
4,"42","2024-08-21",35,"1.1190476190476190","47",1
5,"147","2024-09-25",0,"2.8775510204081633","423",0
6,"42","2024-09-23",2,"1.1666666666666667","49",0
7,"141","2024-09-21",4,"1.7588652482269504","248",0
8,"111","2024-09-23",2,"1.5765765765765766","175",0
9,"86","2024-09-22",3,"1.7093023255813953","147",0
10,"47","2024-09-16",9,"1.2340425531914894","58",1
11,"38","2024-09-18",7,"1.1578947368421053","44",0
12,"39","2024-09-16",9,"1.4615384615384615","57",0
13,"161","2024-09-25",0,"2.7391304347826087","441",0
14,"150","2024-09-25",0,"2.6400000000000000","396",0
15,"80","2024-09-25",0,"1.8375000000000000","147",0
16,"36","2024-09-11",14,"1.1388888888888889","41",0
17,"102","2024-09-25",0,"2.7941176470588235","285",0
18,"42","2024-09-10",15,"1.2142857142857143","51",1
19,"51","2024-09-02",23,"1.2156862745098039","62",1
20,"33","2024-09-05",20,"1.1212121212121212","37",0
21,"104","2024-09-25",0,"2.7019230769230769","281",0
22,"48","2024-07-31",56,"1.1041666666666667","53",0
23,"44","2024-09-25",0,"1.2500000000000000","55",0
24,"37","2024-07-10",77,"1.1621621621621622","43",0
25,"102","2024-09-25",0,"2.6372549019607843","269",0
26,"189","2024-09-25",0,"2.4338624338624339","460",0
27,"223","2024-09-25",0,"2.4304932735426009","542",0
28,"115","2024-09-24",1,"1.7217391304347826","198",0
29,"200","2024-09-25",0,"2.6250000000000000","525",0
30,"125","2024-09-21",4,"1.6800000000000000","210",0
31,"88","2024-09-25",0,"2.5795454545454545","227",0
32,"226","2024-09-25",0,"2.4734513274336283","559",0
33,"63","2024-09-25",0,"1.9682539682539683","124",0
34,"123","2024-09-24",1,"1.6585365853658537","204",0
35,"97","2024-09-23",2,"1.8350515463917526","178",0
36,"37","2024-08-31",25,"1.3243243243243243","49",1
37,"123","2024-09-21",4,"1.7804878048780488","219",0
38,"126","2024-09-25",0,"2.7142857142857143","342",0
39,"124","2024-09-24",1,"1.6612903225806452","206",0
40,"126","2024-09-25",0,"2.6190476190476190","330",0
41,"134","2024-09-24",1,"1.5746268656716418","211",0
42,"37","2024-09-17",8,"1.2432432432432432","46",1
43,"80","2024-09-25",0,"1.8875000000000000","151",0
44,"45","2024-09-11",14,"1.1333333333333333","51",1
45,"28","2024-09-18",7,"1.2142857142857143","34",0
46,"121","2024-09-23",2,"1.6776859504132231","203",0
47,"49","2024-08-08",48,"1.2244897959183673","60",0
48,"223","2024-09-25",0,"2.3901345291479821","533",0
49,"132","2024-09-24",1,"1.5984848484848485","211",0
50,"159","2024-09-25",0,"2.7987421383647799","445",0
51,"198","2024-09-23",2,"2.4494949494949495","485",0
52,"86","2024-09-25",0,"1.7325581395348837","149",0
53,"168","2024-09-25",0,"2.5714285714285714","432",0
54,"39","2024-08-28",28,"1.3076923076923077","51",0
55,"143","2024-09-25",0,"2.7272727272727273","390",0
56,"31","2024-09-20",5,"1.1935483870967742","37",0
57,"42","2024-08-24",32,"1.2142857142857143","51",1
58,"87","2024-09-25",0,"2.8160919540229885","245",0
59,"134","2024-09-22",3,"1.5970149253731343","214",0
60,"40","2024-09-10",15,"1.1000000000000000","44",1
61,"78","2024-09-25",0,"1.7307692307692308","135",0
62,"132","2024-09-25",0,"1.6666666666666667","220",0
63,"101","2024-09-24",1,"1.7821782178217822","180",0
64,"89","2024-09-25",0,"1.7865168539325843","159",0
65,"32","2024-07-11",76,"1.2187500000000000","39",0
66,"90","2024-09-23",2,"1.6888888888888889","152",0
67,"30","2024-07-18",69,"1.1000000000000000","33",0
68,"97","2024-09-23",2,"1.8144329896907216","176",0
69,"46","2024-09-13",12,"1.1739130434782609","54",1
70,"189","2024-09-25",0,"2.4761904761904762","468",0
71,"33","2024-09-17",8,"1.1212121212121212","37",0
72,"203","2024-09-24",1,"2.5073891625615764","509",0
73,"97","2024-09-25",0,"2.9896907216494845","290",0
74,"223","2024-09-25",0,"2.4618834080717489","549",0
75,"50","2024-09-21",4,"1.1800000000000000","59",0
76,"134","2024-09-25",0,"1.6268656716417910","218",0
77,"50","2024-08-19",37,"1.2200000000000000","61",1
78,"200","2024-09-25",0,"2.5700000000000000","514",0
79,"42","2024-08-24",32,"1.1904761904761905","50",0
80,"45","2024-09-19",6,"1.3555555555555556","61",0
81,"49","2024-09-15",10,"1.3061224489795918","64",1
82,"46","2024-08-05",51,"1.2173913043478261","56",0
83,"34","2024-09-16",9,"1.2352941176470588","42",0
84,"36","2024-08-29",27,"1.3055555555555556","47",0
85,"123","2024-09-21",4,"1.4715447154471545","181",0
86,"85","2024-09-23",2,"1.8000000000000000","153",0
87,"139","2024-09-23",2,"1.5683453237410072","218",0
88,"192","2024-09-25",0,"2.5677083333333333","493",0
89,"132","2024-09-25",0,"1.5151515151515152","200",0
90,"108","2024-09-19",6,"1.7222222222222222","186",0
91,"41","2024-08-19",37,"1.2439024390243902","51",0
92,"226","2024-09-25",0,"2.3539823008849558","532",0
93,"48","2024-08-28",28,"1.1458333333333333","55",0
94,"131","2024-09-25",0,"2.7251908396946565","357",0
95,"120","2024-09-25",0,"2.8500000000000000","342",0
96,"184","2024-09-25",0,"2.5434782608695652","468",0
97,"42","2024-09-22",3,"1.2857142857142857","54",0
98,"96","2024-09-24",1,"1.5520833333333333","149",0
99,"90","2024-09-24",1,"1.9222222222222222","173",0
100,"27","2024-09-22",3,"1.2962962962962963","35",0
101,"65","2024-09-23",2,"1.7384615384615385","113",0
102,"36","2024-08-02",54,"1.2222222222222222","44",1
103,"127","2024-09-24",1,"2.7007874015748031","343",0
104,"140","2024-09-22",3,"1.7214285714285714","241",0
105,"42","2024-09-09",16,"1.1190476190476190","47",1
106,"44","2024-09-12",13,"1.2272727272727273","54",1
107,"93","2024-09-25",0,"1.6774193548387097","156",0
108,"43","2024-09-10",15,"1.1627906976744186","50",1
109,"149","2024-09-25",0,"1.4832214765100671","221",0
110,"102","2024-09-25",0,"2.7549019607843137","281",0
111,"43","2024-09-19",6,"1.3255813953488372","57",0
112,"195","2024-09-25",0,"2.3435897435897436","457",0
113,"83","2024-09-22",3,"1.8433734939759036","153",0
114,"36","2024-08-17",39,"1.3333333333333333","48",0
115,"135","2024-09-24",1,"1.7185185185185185","232",0
116,"160","2024-09-25",0,"2.5375000000000000","406",0
117,"68","2024-09-25",0,"1.7205882352941176","117",0
118,"116","2024-09-22",3,"1.6206896551724138","188",0
119,"214","2024-09-25",0,"2.4579439252336449","526",0
120,"51","2024-09-18",7,"1.2745098039215686","65",0
121,"78","2024-09-24",1,"1.7179487179487179","134",0
122,"94","2024-09-24",1,"1.7021276595744681","160",0
123,"232","2024-09-25",0,"2.4008620689655172","557",0
124,"53","2024-09-07",18,"1.1698113207547170","62",1
125,"30","2024-09-18",7,"1.1666666666666667","35",0
126,"109","2024-09-25",0,"1.6972477064220183","185",0
127,"127","2024-09-25",0,"1.5669291338582677","199",0
128,"95","2024-09-25",0,"1.5157894736842105","144",0
129,"35","2024-07-27",60,"1.1714285714285714","41",0
130,"119","2024-09-25",0,"1.5714285714285714","187",0
131,"128","2024-09-21",4,"1.5625000000000000","200",0
132,"98","2024-09-25",0,"1.8061224489795918","177",0
133,"30","2024-09-25",0,"1.2000000000000000","36",0
134,"40","2024-08-27",29,"1.1750000000000000","47",1
135,"43","2024-08-16",40,"1.1162790697674419","48",0
136,"141","2024-09-25",0,"1.6595744680851064","234",0
137,"105","2024-09-24",1,"1.7142857142857143","180",0
138,"122","2024-09-25",0,"2.6557377049180328","324",0
139,"108","2024-09-25",0,"2.6851851851851852","290",0
140,"90","2024-09-25",0,"1.8333333333333333","165",0
141,"66","2024-09-25",0,"1.7575757575757576","116",0
142,"146","2024-09-25",0,"1.5616438356164384","228",0
143,"43","2024-08-29",27,"1.3488372093023256","58",1
144,"37","2024-07-27",60,"1.3243243243243243","49",1
145,"107","2024-09-25",0,"2.8037383177570093","300",0
146,"130","2024-09-24",1,"1.5615384615384615","203",0
147,"42","2024-09-15",10,"1.1904761904761905","50",0
148,"43","2024-08-28",28,"1.1162790697674419","48",1
149,"117","2024-09-22",3,"1.5470085470085470","181",0
150,"73","2024-09-24",1,"1.7808219178082192","130",0
151,"34","2024-08-26",30,"1.1470588235294118","39",1
152,"126","2024-09-24",1,"1.6349206349206349","206",0
153,"35","2024-09-22",3,"1.2000000000000000","42",1
154,"41","2024-09-23",2,"1.2682926829268293","52",1
155,"52","2024-08-31",25,"1.3269230769230769","69",0
156,"107","2024-09-22",3,"1.7289719626168224","185",0
157,"51","2024-07-30",57,"1.3529411764705882","69",0
158,"165","2024-09-25",0,"2.5696969696969697","424",0
159,"218","2024-09-22",3,"2.3990825688073394","523",0
160,"47","2024-09-10",15,"1.3191489361702128","62",0
161,"90","2024-09-23",2,"1.6222222222222222","146",0
162,"36","2024-09-06",19,"1.0833333333333333","39",0
163,"127","2024-09-25",0,"2.7007874015748031","343",0
164,"34","2024-09-17",8,"1.2941176470588235","44",0
165,"47","2024-09-10",15,"1.1489361702127660","54",1
166,"42","2024-08-28",28,"1.3095238095238095","55",0
167,"141","2024-09-25",0,"2.6453900709219858","373",0
168,"134","2024-09-24",1,"1.6268656716417910","218",0
169,"110","2024-09-24",1,"1.6818181818181818","185",0
170,"34","2024-09-22",3,"1.2352941176470588","42",0
171,"33","2024-09-04",21,"1.1515151515151515","38",0
172,"41","2024-09-02",23,"1.3902439024390244","57",0
173,"36","2024-09-21",4,"1.2777777777777778","46",1
174,"190","2024-09-25",0,"2.5368421052631579","482",0
175,"80","2024-09-25",0,"1.7500000000000000","140",0
176,"87","2024-09-24",1,"1.8045977011494253","157",0
177,"42","2024-09-18",7,"1.2619047619047619","53",1
178,"105","2024-09-25",0,"1.6761904761904762","176",0
179,"38","2024-09-18",7,"1.3421052631578947","51",0
180,"161","2024-09-25",0,"2.6211180124223602","422",0
181,"67","2024-09-24",1,"1.8059701492537313","121",0
182,"37","2024-09-13",12,"1.2162162162162162","45",0
183,"126","2024-09-23",2,"1.6825396825396825","212",0
184,"128","2024-09-24",1,"1.6562500000000000","212",0
185,"132","2024-09-24",1,"1.6212121212121212","214",0
186,"49","2024-09-25",0,"1.1428571428571429","56",1
187,"35","2024-09-21",4,"1.2285714285714286","43",0
188,"37","2024-09-02",23,"1.2702702702702703","47",0
189,"105","2024-09-21",4,"1.6476190476190476","173",0
190,"103","2024-09-25",0,"1.7669902912621359","182",0
191,"42","2024-09-22",3,"1.2380952380952381","52",0
192,"122","2024-09-25",0,"1.7049180327868852","208",0
193,"95","2024-09-25",0,"1.5789473684210526","150",0
194,"43","2024-07-10",77,"1.2558139534883721","54",0
195,"42","2024-09-05",20,"1.2619047619047619","53",0
196,"129","2024-09-21",4,"1.7441860465116279","225",0
197,"107","2024-09-19",6,"1.7383177570093458","186",0
198,"39","2024-09-23",2,"1.4102564102564103","55",0
199,"39","2024-09-15",10,"1.2051282051282051","47",0
200,"104","2024-09-25",0,"1.8942307692307692","197",0
201,"36","2024-09-09",16,"1.1388888888888889","41",0
202,"41","2024-09-24",1,"1.1463414634146341","47",1
203,"96","2024-09-25",0,"2.9062500000000000","279",0
204,"77","2024-09-23",2,"1.8311688311688312","141",0
205,"84","2024-09-25",0,"1.6904761904761905","142",0
206,"38","2024-09-18",7,"1.1578947368421053","44",1
207,"127","2024-09-25",0,"2.8661417322834646","364",0
208,"75","2024-09-25",0,"1.6400000000000000","123",0
209,"51","2024-09-17",8,"1.1176470588235294","57",1
210,"215","2024-09-25",0,"2.3906976744186047","514",0
211,"184","2024-09-25",0,"2.3750000000000000","437",0
212,"100","2024-09-23",2,"1.7000000000000000","170",0
213,"152","2024-09-23",2,"2.5065789473684211","381",0
214,"90","2024-09-24",1,"1.8333333333333333","165",0
215,"38","2024-09-10",15,"1.3157894736842105","50",0
216,"109","2024-09-25",0,"1.6697247706422018","182",0
217,"133","2024-09-25",0,"2.8045112781954887","373",0
218,"43","2024-09-13",12,"1.1627906976744186","50",0
219,"115","2024-09-24",1,"1.6347826086956522","188",0
220,"53","2024-09-16",9,"1.1509433962264151","61",1
221,"115","2024-09-25",0,"2.8869565217391304","332",0
222,"36","2024-09-25",0,"1.1944444444444444","43",0
223,"112","2024-09-24",1,"2.8035714285714286","314",0
224,"159","2024-09-25",0,"2.5031446540880503","398",0
225,"112","2024-09-25",0,"2.7946428571428571","313",0
226,"36","2024-09-25",0,"1.2777777777777778","46",0
227,"40","2024-09-12",13,"1.1000000000000000","44",0
228,"34","2024-09-01",24,"1.2058823529411765","41",0
229,"37","2024-09-22",3,"1.2432432432432432","46",0
230,"76","2024-09-25",0,"1.8947368421052632","144",0
231,"38","2024-09-05",20,"1.2631578947368421","48",0
232,"42","2024-08-25",31,"1.1666666666666667","49",1
233,"123","2024-09-25",0,"1.7642276422764228","217",0
234,"39","2024-08-27",29,"1.1538461538461538","45",0
235,"36","2024-09-16",9,"1.1388888888888889","41",0
236,"36","2024-09-07",18,"1.3888888888888889","50",1
237,"87","2024-09-25",0,"2.7241379310344828","237",0
238,"88","2024-09-24",1,"1.8068181818181818","159",0
239,"80","2024-09-25",0,"1.7875000000000000","143",0
240,"196","2024-09-25",0,"2.4795918367346939","486",0
241,"157","2024-09-25",0,"2.5477707006369427","400",0
242,"45","2024-08-01",55,"1.1111111111111111","50",1
243,"117","2024-09-25",0,"2.7521367521367521","322",0
244,"41","2024-09-23",2,"1.1707317073170732","48",1
245,"44","2024-09-19",6,"1.1590909090909091","51",1
246,"125","2024-09-25",0,"1.6560000000000000","207",0
247,"45","2024-09-20",5,"1.1777777777777778","53",0
248,"46","2024-09-15",10,"1.1086956521739130","51",1
249,"100","2024-09-25",0,"1.5800000000000000","158",0
250,"37","2024-07-17",70,"1.2972972972972973","48",1
251,"119","2024-09-25",0,"2.7058823529411765","322",0
252,"139","2024-09-22",3,"1.6762589928057554","233",0
253,"40","2024-09-23",2,"1.1500000000000000","46",0
254,"38","2024-07-08",79,"1.1052631578947368","42",1
255,"110","2024-09-25",0,"1.7545454545454545","193",0
256,"83","2024-09-25",0,"1.7590361445783133","146",0
257,"129","2024-09-25",0,"1.6201550387596899","209",0
258,"42","2024-09-18",7,"1.2380952380952381","52",0
259,"88","2024-09-25",0,"2.0454545454545455","180",0
260,"33","2024-09-23",2,"1.3939393939393939","46",0
261,"37","2024-07-20",67,"1.1351351351351351","42",0
262,"95","2024-09-24",1,"1.7052631578947368","162",0
263,"83","2024-09-25",0,"1.6265060240963855","135",0
264,"26","2024-08-10",46,"1.5000000000000000","39",0
265,"102","2024-09-23",2,"1.5784313725490196","161",0
266,"112","2024-09-25",0,"1.5267857142857143","171",0
267,"39","2024-09-22",3,"1.2051282051282051","47",1
268,"94","2024-09-25",0,"3.0106382978723404","283",0
269,"35","2024-09-24",1,"1.2000000000000000","42",0
270,"141","2024-09-25",0,"2.5744680851063830","363",0
271,"168","2024-09-25",0,"2.5535714285714286","429",0
272,"41","2024-09-23",2,"1.1951219512195122","49",0
273,"102","2024-09-25",0,"1.7058823529411765","174",0
274,"108","2024-09-25",0,"2.7500000000000000","297",0
275,"34","2024-09-16",9,"1.2647058823529412","43",0
276,"34","2024-09-17",8,"1.2941176470588235","44",0
277,"103","2024-09-22",3,"1.6407766990291262","169",0
278,"96","2024-09-18",7,"1.7187500000000000","165",0
279,"42","2024-09-07",18,"1.0714285714285714","45",0
280,"121","2024-09-22",3,"1.6115702479338843","195",0
281,"31","2024-08-31",25,"1.2258064516129032","38",0
282,"36","2024-09-20",5,"1.3611111111111111","49",0
283,"76","2024-09-24",1,"1.8815789473684211","143",0
284,"118","2024-09-25",0,"1.5847457627118644","187",0
285,"122","2024-09-16",9,"1.6311475409836066","199",0
286,"40","2024-09-16",9,"1.2500000000000000","50",1
287,"53","2024-09-17",8,"1.2264150943396226","65",1
288,"134","2024-09-21",4,"1.6492537313432836","221",0
289,"112","2024-09-25",0,"2.7410714285714286","307",0
290,"38","2024-09-22",3,"1.3947368421052632","53",0
291,"36","2024-09-18",7,"1.3055555555555556","47",0
292,"36","2024-09-23",2,"1.2222222222222222","44",0
293,"119","2024-09-25",0,"2.6806722689075630","319",0
294,"88","2024-09-24",1,"1.7272727272727273","152",0
295,"208","2024-09-25",0,"2.4615384615384615","512",0
296,"89","2024-09-25",0,"2.7191011235955056","242",0
297,"136","2024-09-24",1,"2.6029411764705882","354",0
298,"91","2024-09-24",1,"1.7472527472527473","159",0
299,"50","2024-08-24",32,"1.1400000000000000","57",1
300,"30","2024-09-20",5,"1.4666666666666667","44",0
301,"208","2024-09-25",0,"2.5817307692307692","537",0
302,"46","2024-09-25",0,"1.1739130434782609","54",0
303,"138","2024-09-25",0,"1.6666666666666667","230",0
304,"44","2024-08-25",31,"1.1590909090909091","51",1
305,"134","2024-09-24",1,"1.6343283582089552","219",0
306,"54","2024-08-04",52,"1.2592592592592593","68",1
307,"43","2024-09-13",12,"1.0930232558139535","47",1
308,"205","2024-09-24",1,"2.4926829268292683","511",0
309,"121","2024-09-21",4,"1.6280991735537190","197",0
310,"215","2024-09-24",1,"2.5395348837209302","546",0
311,"143","2024-09-25",0,"2.5314685314685315","362",0
312,"181","2024-09-25",0,"2.6574585635359116","481",0
313,"196","2024-09-25",0,"2.4897959183673469","488",0
314,"87","2024-09-25",0,"1.6896551724137931","147",0
315,"41","2024-06-21",96,"1.1219512195121951","46",0
316,"45","2024-09-04",21,"1.1333333333333333","51",1
317,"48","2024-09-15",10,"1.1250000000000000","54",1
318,"152","2024-09-25",0,"1.6118421052631579","245",0
319,"77","2024-09-24",1,"1.8311688311688312","141",0
320,"35","2024-09-23",2,"1.2857142857142857","45",0
321,"45","2024-09-05",20,"1.2222222222222222","55",1
322,"106","2024-09-21",4,"1.6320754716981132","173",0
323,"226","2024-09-25",0,"2.3672566371681416","535",0
324,"108","2024-09-25",0,"1.6666666666666667","180",0
325,"132","2024-09-25",0,"2.7878787878787879","368",0
326,"49","2024-09-04",21,"1.2448979591836735","61",0
327,"136","2024-09-20",5,"1.5073529411764706","205",0
328,"109","2024-09-25",0,"1.6605504587155963","181",0
329,"37","2024-09-13",12,"1.1081081081081081","41",1
330,"111","2024-09-23",2,"1.6126126126126126","179",0
331,"94","2024-09-22",3,"1.5000000000000000","141",0
332,"97","2024-09-25",0,"1.7113402061855670","166",0
333,"38","2024-09-18",7,"1.2368421052631579","47",0
334,"72","2024-09-24",1,"1.7777777777777778","128",0
335,"37","2024-09-05",20,"1.2972972972972973","48",1
336,"40","2024-09-02",23,"1.3000000000000000","52",0
337,"221","2024-09-25",0,"2.4977375565610860","552",0
338,"217","2024-09-25",0,"2.1889400921658986","475",0
339,"119","2024-09-25",0,"1.6722689075630252","199",0
340,"120","2024-09-20",5,"1.7666666666666667","212",0
341,"118","2024-09-21",4,"1.8644067796610169","220",0
342,"111","2024-09-25",0,"1.5945945945945946","177",0
343,"30","2024-09-18",7,"1.1666666666666667","35",0
344,"43","2024-08-31",25,"1.1860465116279070","51",1
345,"139","2024-09-25",0,"2.8129496402877698","391",0
346,"42","2024-06-30",87,"1.1428571428571429","48",0
347,"69","2024-09-25",0,"1.9855072463768116","137",0
348,"113","2024-09-21",4,"1.6725663716814159","189",0
349,"79","2024-09-23",2,"1.5569620253164557","123",0
350,"38","2024-09-19",6,"1.2105263157894737","46",0
351,"107","2024-09-25",0,"2.5607476635514019","274",0
352,"30","2024-09-11",14,"1.1666666666666667","35",0
353,"41","2024-09-10",15,"1.2682926829268293","52",1
354,"38","2024-09-22",3,"1.2368421052631579","47",0
355,"77","2024-09-24",1,"1.7272727272727273","133",0
356,"35","2024-09-19",6,"1.4285714285714286","50",0
357,"200","2024-09-25",0,"2.3850000000000000","477",0
358,"68","2024-09-25",0,"1.8235294117647059","124",0
359,"39","2024-09-17",8,"1.2051282051282051","47",0
360,"37","2024-09-23",2,"1.2432432432432432","46",0
361,"37","2024-08-30",26,"1.3513513513513514","50",1
362,"108","2024-09-25",0,"1.7222222222222222","186",0
363,"131","2024-09-22",3,"1.6412213740458015","215",0
364,"36","2024-09-23",2,"1.1944444444444444","43",0
365,"88","2024-09-23",2,"1.8750000000000000","165",0
366,"147","2024-09-12",13,"1.6462585034013605","242",0
367,"41","2024-08-10",46,"1.3902439024390244","57",0
368,"38","2024-09-23",2,"1.2631578947368421","48",0
369,"137","2024-09-25",0,"1.7080291970802920","234",0
370,"49","2024-07-27",60,"1.3265306122448980","65",0
371,"91","2024-09-25",0,"2.7362637362637363","249",0
372,"133","2024-09-25",0,"1.6015037593984962","213",0
373,"123","2024-09-25",0,"1.6422764227642276","202",0
374,"139","2024-09-23",2,"1.5611510791366906","217",0
375,"80","2024-09-24",1,"1.7250000000000000","138",0
376,"117","2024-09-25",0,"2.9572649572649573","346",0
377,"48","2024-09-25",0,"1.1875000000000000","57",0
378,"82","2024-09-25",0,"1.5000000000000000","123",0
379,"105","2024-09-25",0,"1.6952380952380952","178",0
380,"114","2024-09-24",1,"1.7456140350877193","199",0
381,"39","2024-09-10",15,"1.1282051282051282","44",0
382,"132","2024-09-25",0,"1.5984848484848485","211",0
383,"37","2024-07-26",61,"1.3783783783783784","51",0
384,"120","2024-09-24",1,"1.5500000000000000","186",0
385,"78","2024-09-25",0,"1.7435897435897436","136",0
386,"187","2024-09-25",0,"2.5240641711229947","472",0
387,"34","2024-09-17",8,"1.2058823529411765","41",0
388,"41","2024-09-22",3,"1.2439024390243902","51",0
389,"47","2024-09-03",22,"1.2340425531914894","58",0
390,"36","2024-08-30",26,"1.3055555555555556","47",1
391,"44","2024-09-04",21,"1.1363636363636364","50",0
392,"44","2024-09-04",21,"1.3863636363636364","61",0
393,"81","2024-09-25",0,"3.0740740740740741","249",0
394,"32","2024-09-23",2,"1.2812500000000000","41",0
395,"125","2024-09-23",2,"1.7120000000000000","214",0
396,"124","2024-09-15",10,"1.5806451612903226","196",0
397,"117","2024-09-23",2,"1.7179487179487179","201",0
398,"43","2024-08-24",32,"1.2558139534883721","54",0
399,"48","2024-09-18",7,"1.1250000000000000","54",1
400,"115","2024-09-22",3,"1.6695652173913043","192",0
401,"184","2024-09-25",0,"2.5543478260869565","470",0
402,"36","2024-08-22",34,"1.1666666666666667","42",0
403,"49","2024-06-27",90,"1.1224489795918367","55",0
404,"38","2024-09-22",3,"1.2894736842105263","49",0
405,"141","2024-09-22",3,"1.6099290780141844","227",0
406,"37","2024-09-14",11,"1.2702702702702703","47",0
407,"47","2024-09-06",19,"1.2127659574468085","57",0
408,"41","2024-09-23",2,"1.1707317073170732","48",0
409,"198","2024-09-23",2,"2.4747474747474747","490",0
410,"35","2024-09-25",0,"1.1428571428571429","40",0
411,"186","2024-09-25",0,"2.3924731182795699","445",0
412,"97","2024-09-24",1,"2.5876288659793814","251",0
413,"38","2024-08-29",27,"1.1052631578947368","42",1
414,"87","2024-09-25",0,"2.0574712643678161","179",0
415,"40","2024-08-24",32,"1.2500000000000000","50",1
416,"98","2024-09-24",1,"1.6428571428571429","161",0
417,"91","2024-09-24",1,"1.7582417582417582","160",0
418,"103","2024-09-18",7,"1.7961165048543689","185",0
419,"77","2024-09-25",0,"1.8701298701298701","144",0
420,"40","2024-09-25",0,"1.3250000000000000","53",0
421,"121","2024-09-25",0,"2.8099173553719008","340",0
422,"95","2024-09-25",0,"1.6947368421052632","161",0
423,"171","2024-09-24",1,"2.6783625730994152","458",0
424,"43","2024-08-14",42,"1.2325581395348837","53",0
425,"111","2024-09-21",4,"1.5945945945945946","177",0
426,"123","2024-09-23",2,"1.6016260162601626","197",0
427,"163","2024-09-25",0,"2.6687116564417178","435",0
428,"30","2024-09-03",22,"1.1666666666666667","35",0
429,"180","2024-09-25",0,"2.4777777777777778","446",0
430,"42","2024-08-23",33,"1.1904761904761905","50",1
431,"34","2024-09-16",9,"1.2647058823529412","43",0
432,"88","2024-09-25",0,"1.7613636363636364","155",0
433,"86","2024-09-21",4,"1.9302325581395349","166",0
434,"127","2024-09-25",0,"2.8267716535433071","359",0
435,"177","2024-09-25",0,"2.5084745762711864","444",0
436,"135","2024-09-25",0,"2.5037037037037037","338",0
437,"41","2024-06-30",87,"1.2195121951219512","50",0
438,"123","2024-09-25",0,"1.6341463414634146","201",0
439,"46","2024-09-08",17,"1.2826086956521739","59",0
440,"125","2024-09-25",0,"2.6560000000000000","332",0
441,"41","2024-09-14",11,"1.2439024390243902","51",0
442,"129","2024-09-25",0,"1.6744186046511628","216",0
443,"47","2024-09-09",16,"1.1702127659574468","55",0
444,"97","2024-09-25",0,"1.7216494845360825","167",0
445,"130","2024-09-25",0,"2.6923076923076923","350",0
446,"38","2024-09-23",2,"1.2631578947368421","48",1
447,"188","2024-09-22",3,"2.6489361702127660","498",0
448,"131","2024-09-19",6,"1.5038167938931298","197",0
449,"42","2024-09-21",4,"1.1428571428571429","48",0
450,"117","2024-09-23",2,"1.7008547008547009","199",0
451,"72","2024-09-25",0,"1.9583333333333333","141",0
452,"29","2024-09-09",16,"1.3793103448275862","40",0
453,"67","2024-09-25",0,"2.1044776119402985","141",0
454,"115","2024-09-25",0,"1.7043478260869565","196",0
455,"212","2024-09-25",0,"2.5094339622641509","532",0
456,"123","2024-09-21",4,"1.6747967479674797","206",0
457,"42","2024-09-10",15,"1.2142857142857143","51",1
458,"106","2024-09-24",1,"1.6886792452830189","179",0
459,"114","2024-09-24",1,"2.6052631578947368","297",0
460,"64","2024-09-25",0,"1.7343750000000000","111",0
461,"171","2024-09-25",0,"2.5029239766081871","428",0
462,"132","2024-09-23",2,"1.6212121212121212","214",0
463,"152","2024-09-25",0,"2.4342105263157895","370",0
464,"37","2024-09-10",15,"1.2432432432432432","46",1
465,"36","2024-09-08",17,"1.1388888888888889","41",0
466,"216","2024-09-25",0,"2.4305555555555556","525",0
467,"48","2024-09-25",0,"1.1666666666666667","56",1
468,"45","2024-09-03",22,"1.2222222222222222","55",0
469,"35","2024-09-25",0,"1.2857142857142857","45",1
470,"199","2024-09-25",0,"2.4020100502512563","478",0
471,"69","2024-09-25",0,"1.6086956521739130","111",0
472,"43","2024-09-13",12,"1.3255813953488372","57",0
473,"90","2024-09-25",0,"1.6333333333333333","147",0
474,"112","2024-09-23",2,"1.6785714285714286","188",0
475,"151","2024-09-22",3,"1.5298013245033113","231",0
476,"181","2024-09-25",0,"2.7292817679558011","494",0
477,"235","2024-09-25",0,"2.5319148936170213","595",0
478,"147","2024-09-25",0,"1.4965986394557823","220",0
479,"130","2024-09-24",1,"1.4923076923076923","194",0
480,"165","2024-09-25",0,"2.4909090909090909","411",0
481,"136","2024-09-25",0,"1.4632352941176471","199",0
482,"41","2024-09-22",3,"1.2682926829268293","52",0
483,"77","2024-09-24",1,"1.8441558441558442","142",0
484,"40","2024-08-30",26,"1.2250000000000000","49",0
485,"36","2024-09-21",4,"1.3888888888888889","50",0
486,"77","2024-09-23",2,"2.0000000000000000","154",0
487,"34","2024-09-23",2,"1.2352941176470588","42",0
488,"76","2024-09-23",2,"1.7631578947368421","134",0
489,"32","2024-09-24",1,"1.3437500000000000","43",0
490,"122","2024-09-25",0,"1.9508196721311475","238",0
491,"31","2024-09-13",12,"1.2580645161290323","39",0
492,"67","2024-09-25",0,"1.9402985074626866","130",0
493,"31","2024-09-15",10,"1.2258064516129032","38",0
494,"29","2024-09-18",7,"1.3103448275862069","38",0
495,"41","2024-09-09",16,"1.0975609756097561","45",1
496,"132","2024-09-25",0,"1.5757575757575758","208",0
497,"119","2024-09-25",0,"1.4621848739495798","174",0
498,"102","2024-09-25",0,"2.9215686274509804","298",0
499,"67","2024-09-25",0,"1.6417910447761194","110",0
500,"116","2024-09-18",7,"1.7500000000000000","203",0
501,"134","2024-09-23",2,"1.7238805970149254","231",0
502,"128","2024-09-22",3,"1.6171875000000000","207",0
503,"136","2024-09-18",7,"1.4926470588235294","203",0
504,"39","2024-08-29",27,"1.3333333333333333","52",0
505,"136","2024-09-20",5,"1.5294117647058824","208",0
506,"157","2024-09-25",0,"2.5605095541401274","402",0
507,"131","2024-09-25",0,"1.6412213740458015","215",0
508,"95","2024-09-25",0,"1.9052631578947368","181",0
509,"135","2024-09-24",1,"1.5481481481481481","209",0
510,"45","2024-09-04",21,"1.3111111111111111","59",0
511,"117","2024-09-25",0,"1.5213675213675214","178",0
512,"45","2024-08-19",37,"1.1333333333333333","51",1
513,"108","2024-09-25",0,"1.5370370370370370","166",0
514,"107","2024-09-25",0,"2.7757009345794393","297",0
515,"112","2024-09-25",0,"1.6964285714285714","190",0
516,"100","2024-09-25",0,"2.7400000000000000","274",0
517,"47","2024-08-29",27,"1.3191489361702128","62",0
518,"45","2024-09-24",1,"1.2000000000000000","54",1
519,"124","2024-09-25",0,"2.6451612903225806","328",0
520,"131","2024-09-22",3,"1.7251908396946565","226",0
521,"35","2024-09-17",8,"1.2571428571428571","44",0
522,"116","2024-09-23",2,"1.8103448275862069","210",0
523,"26","2024-09-24",1,"1.2307692307692308","32",0
524,"46","2024-09-09",16,"1.1521739130434783","53",0
525,"39","2024-09-25",0,"1.4358974358974359","56",0
526,"140","2024-09-20",5,"1.5500000000000000","217",0
527,"94","2024-09-25",0,"2.8404255319148936","267",0
528,"80","2024-09-25",0,"1.8750000000000000","150",0
529,"152","2024-09-25",0,"2.4276315789473684","369",0
530,"43","2024-09-22",3,"1.2093023255813953","52",0
531,"65","2024-09-25",0,"1.9538461538461538","127",0
532,"155","2024-09-25",0,"2.7354838709677419","424",0
533,"38","2024-09-15",10,"1.1842105263157895","45",1
534,"153","2024-09-25",0,"2.6797385620915033","410",0
535,"79","2024-09-24",1,"1.8987341772151899","150",0
536,"77","2024-09-25",0,"1.7662337662337662","136",0
537,"132","2024-09-25",0,"1.6136363636363636","213",0
538,"43","2024-08-08",48,"1.1860465116279070","51",0
539,"101","2024-09-24",1,"1.6534653465346535","167",0
540,"34","2024-08-13",43,"1.2941176470588235","44",1
541,"50","2024-08-10",46,"1.1600000000000000","58",1
542,"107","2024-09-22",3,"1.5046728971962617","161",0
543,"34","2024-09-04",21,"1.3235294117647059","45",0
544,"140","2024-09-24",1,"1.6142857142857143","226",0
545,"131","2024-09-25",0,"1.5496183206106870","203",0
546,"112","2024-09-21",4,"1.6339285714285714","183",0
547,"183","2024-09-25",0,"2.5573770491803279","468",0
548,"162","2024-09-25",0,"2.3950617283950617","388",0
549,"45","2024-09-25",0,"1.2888888888888889","58",0
550,"122","2024-09-25",0,"1.5983606557377049","195",0
551,"124","2024-09-25",0,"2.5806451612903226","320",0
552,"140","2024-09-24",1,"1.5285714285714286","214",0
553,"67","2024-09-21",4,"1.7164179104477612","115",0
554,"112","2024-09-25",0,"1.5803571428571429","177",0
555,"120","2024-09-25",0,"3.0583333333333333","367",0
556,"46","2024-09-24",1,"1.1956521739130435","55",0
557,"38","2024-09-22",3,"1.2105263157894737","46",1
558,"133","2024-09-21",4,"1.6165413533834586","215",0
559,"126","2024-09-23",2,"1.6507936507936508","208",0
560,"33","2024-08-26",30,"1.0909090909090909","36",1
561,"46","2024-09-12",13,"1.3043478260869565","60",0
562,"37","2024-09-02",23,"1.2432432432432432","46",1
563,"146","2024-09-25",0,"2.8013698630136986","409",0
564,"26","2024-09-24",1,"1.4230769230769231","37",0
565,"100","2024-09-25",0,"1.7800000000000000","178",0
566,"118","2024-09-25",0,"1.6016949152542373","189",0
567,"111","2024-09-25",0,"1.5675675675675676","174",0
568,"116","2024-09-25",0,"2.7327586206896552","317",0
569,"133","2024-09-25",0,"1.6090225563909774","214",0
570,"37","2024-09-25",0,"1.2972972972972973","48",0
571,"133","2024-09-25",0,"2.6240601503759398","349",0
572,"123","2024-09-23",2,"1.4634146341463415","180",0
573,"42","2024-09-24",1,"1.2380952380952381","52",0
574,"97","2024-09-25",0,"1.7938144329896907","174",0
575,"48","2024-08-12",44,"1.3750000000000000","66",0
576,"135","2024-09-20",5,"1.5185185185185185","205",0
577,"92","2024-09-25",0,"1.6195652173913043","149",0
578,"45","2024-08-18",38,"1.3333333333333333","60",1
579,"76","2024-09-24",1,"1.7894736842105263","136",0
580,"84","2024-09-25",0,"1.8809523809523810","158",0
581,"134","2024-09-25",0,"2.6641791044776119","357",0
582,"39","2024-09-20",5,"1.3589743589743590","53",0
583,"98","2024-09-25",0,"2.7653061224489796","271",0
584,"177","2024-09-25",0,"2.5932203389830508","459",0
585,"85","2024-09-25",0,"1.6235294117647059","138",0
586,"47","2024-09-09",16,"1.1702127659574468","55",0
587,"40","2024-08-15",41,"1.3000000000000000","52",1
588,"120","2024-09-23",2,"1.7666666666666667","212",0
589,"29","2024-09-10",15,"1.3103448275862069","38",0
590,"225","2024-09-24",1,"2.3733333333333333","534",0
591,"67","2024-09-25",0,"1.9701492537313433","132",0
592,"43","2024-09-24",1,"1.1627906976744186","50",0
593,"33","2024-09-15",10,"1.1818181818181818","39",0
594,"28","2024-09-24",1,"1.4285714285714286","40",0
595,"95","2024-09-22",3,"1.7473684210526316","166",0
596,"85","2024-09-25",0,"2.6588235294117647","226",0
597,"136","2024-09-23",2,"1.6176470588235294","220",0
598,"37","2024-09-04",21,"1.3243243243243243","49",0
599,"147","2024-09-16",9,"1.8095238095238095","266",0
600,"141","2024-09-25",0,"1.5744680851063830","222",0
601,"32","2024-09-06",19,"1.3437500000000000","43",0
602,"74","2024-09-25",0,"1.6891891891891892","125",0
603,"41","2024-09-25",0,"1.1219512195121951","46",1
604,"122","2024-09-25",0,"2.4836065573770492","303",0
605,"39","2024-09-10",15,"1.1794871794871795","46",0
606,"125","2024-09-24",1,"1.4480000000000000","181",0
607,"113","2024-09-22",3,"1.6902654867256637","191",0
608,"35","2024-09-23",2,"1.3714285714285714","48",1
609,"38","2024-08-26",30,"1.4736842105263158","56",0
610,"44","2024-08-16",40,"1.4318181818181818","63",0
611,"121","2024-09-23",2,"2.5371900826446281","307",0
612,"131","2024-09-21",4,"1.5572519083969466","204",0
613,"35","2024-09-23",2,"1.2857142857142857","45",1
614,"36","2024-09-16",9,"1.1666666666666667","42",0
615,"142","2024-09-24",1,"1.4929577464788732","212",0
616,"38","2024-08-27",29,"1.2631578947368421","48",0
617,"94","2024-09-25",0,"2.8829787234042553","271",0
618,"46","2024-09-09",16,"1.3695652173913043","63",0
619,"37","2024-09-09",16,"1.2432432432432432","46",1
620,"145","2024-09-24",1,"1.5586206896551724","226",0
621,"128","2024-09-24",1,"1.6875000000000000","216",0
622,"128","2024-09-25",0,"2.7187500000000000","348",0
623,"65","2024-09-25",0,"2.2000000000000000","143",0
624,"120","2024-09-25",0,"2.7500000000000000","330",0
625,"129","2024-09-25",0,"2.7984496124031008","361",0
626,"192","2024-09-25",0,"2.6458333333333333","508",0
627,"34","2024-09-22",3,"1.2647058823529412","43",0
628,"183","2024-09-25",0,"2.5081967213114754","459",0
629,"36","2024-09-22",3,"1.2222222222222222","44",0
630,"46","2024-09-22",3,"1.2826086956521739","59",0
631,"43","2024-09-25",0,"1.3255813953488372","57",0
632,"39","2024-09-20",5,"1.1025641025641026","43",1
633,"122","2024-09-25",0,"2.3934426229508197","292",0
634,"115","2024-09-25",0,"1.5652173913043478","180",0
635,"115","2024-09-25",0,"1.5565217391304348","179",0
636,"42","2024-09-24",1,"1.2619047619047619","53",0
637,"130","2024-09-25",0,"1.7384615384615385","226",0
638,"82","2024-09-24",1,"2.0487804878048780","168",0
639,"96","2024-09-24",1,"2.6666666666666667","256",0
640,"37","2024-09-16",9,"1.3783783783783784","51",0
641,"126","2024-09-25",0,"2.7222222222222222","343",0
642,"113","2024-09-24",1,"1.8141592920353982","205",0
643,"127","2024-09-24",1,"1.6299212598425197","207",0
644,"90","2024-09-25",0,"2.9444444444444444","265",0
645,"104","2024-09-25",0,"2.4326923076923077","253",0
646,"70","2024-09-25",0,"1.7571428571428571","123",0
647,"130","2024-09-22",3,"1.5307692307692308","199",0
648,"120","2024-09-22",3,"1.6000000000000000","192",0
649,"35","2024-09-12",13,"1.4285714285714286","50",0
650,"48","2024-09-04",21,"1.1041666666666667","53",0
651,"42","2024-09-09",16,"1.3333333333333333","56",0
652,"98","2024-09-25",0,"2.6122448979591837","256",0
653,"90","2024-09-24",1,"1.8222222222222222","164",0
654,"210","2024-09-25",0,"2.4523809523809524","515",0
655,"93","2024-09-24",1,"1.7096774193548387","159",0
656,"205","2024-09-25",0,"2.5024390243902439","513",0
657,"185","2024-09-25",0,"2.5945945945945946","480",0
658,"46","2024-09-20",5,"1.1086956521739130","51",1
659,"79","2024-09-23",2,"1.7468354430379747","138",0
660,"37","2024-09-22",3,"1.3513513513513514","50",0
661,"234","2024-09-25",0,"2.2051282051282051","516",0
662,"38","2024-08-31",25,"1.2631578947368421","48",0
663,"192","2024-09-22",3,"2.3437500000000000","450",0
664,"105","2024-09-23",2,"1.7619047619047619","185",0
665,"45","2024-09-23",2,"1.1333333333333333","51",1
666,"82","2024-09-25",0,"1.9878048780487805","163",0
667,"134","2024-09-18",7,"1.5522388059701493","208",0
668,"32","2024-09-06",19,"1.2187500000000000","39",0
669,"46","2024-08-21",35,"1.2391304347826087","57",1
670,"30","2024-08-30",26,"1.1333333333333333","34",1
671,"104","2024-09-25",0,"2.8173076923076923","293",0
672,"84","2024-09-25",0,"1.7261904761904762","145",0
673,"43","2024-09-20",5,"1.2790697674418605","55",0
674,"227","2024-09-25",0,"2.4625550660792952","559",0
675,"102","2024-09-25",0,"1.7647058823529412","180",0
676,"162","2024-09-25",0,"2.3950617283950617","388",0
677,"25","2024-09-24",1,"1.2400000000000000","31",0
678,"48","2024-09-11",14,"1.1041666666666667","53",1
679,"122","2024-09-25",0,"2.7049180327868852","330",0
680,"128","2024-09-25",0,"1.7421875000000000","223",0
681,"68","2024-09-23",2,"1.6617647058823529","113",0
682,"214","2024-09-25",0,"2.3691588785046729","507",0
683,"149","2024-09-25",0,"2.7046979865771812","403",0
684,"128","2024-09-25",0,"1.5625000000000000","200",0
685,"84","2024-09-24",1,"1.6428571428571429","138",0
686,"30","2024-09-18",7,"1.2666666666666667","38",0
687,"85","2024-09-25",0,"1.8352941176470588","156",0
688,"83","2024-09-24",1,"1.6506024096385542","137",0
689,"32","2024-09-25",0,"1.2187500000000000","39",0
690,"194","2024-09-24",1,"2.5000000000000000","485",0
691,"39","2024-09-12",13,"1.2307692307692308","48",1
692,"130","2024-09-24",1,"2.4153846153846154","314",0
693,"119","2024-09-25",0,"1.7058823529411765","203",0
694,"99","2024-09-21",4,"1.7272727272727273","171",0
695,"196","2024-09-24",1,"2.4081632653061224","472",0
696,"79","2024-09-25",0,"1.8227848101265823","144",0
697,"39","2024-08-29",27,"1.1794871794871795","46",1
698,"186","2024-09-25",0,"2.6182795698924731","487",0
699,"48","2024-08-07",49,"1.3333333333333333","64",1
700,"97","2024-09-25",0,"1.8556701030927835","180",0
701,"45","2024-09-09",16,"1.2222222222222222","55",1
702,"43","2024-09-13",12,"1.1860465116279070","51",0
703,"205","2024-09-24",1,"2.2487804878048780","461",0
704,"103","2024-09-22",3,"1.6504854368932039","170",0
705,"48","2024-09-10",15,"1.1041666666666667","53",0
706,"118","2024-09-25",0,"2.7542372881355932","325",0
707,"63","2024-09-25",0,"1.8571428571428571","117",0
708,"139","2024-09-25",0,"1.5899280575539568","221",0
709,"45","2024-08-30",26,"1.3333333333333333","60",0
710,"151","2024-09-22",3,"1.5827814569536424","239",0
711,"184","2024-09-24",1,"2.4728260869565217","455",0
712,"46","2024-09-20",5,"1.1086956521739130","51",1
713,"46","2024-09-13",12,"1.1521739130434783","53",1
714,"46","2024-09-12",13,"1.1521739130434783","53",1
715,"25","2024-09-21",4,"1.4000000000000000","35",0
716,"101","2024-09-25",0,"2.8415841584158416","287",0
717,"155","2024-09-25",0,"2.7612903225806452","428",0
718,"109","2024-09-23",2,"1.6972477064220183","185",0
719,"39","2024-09-15",10,"1.1282051282051282","44",1
720,"102","2024-09-23",2,"1.7549019607843137","179",0
721,"85","2024-09-23",2,"2.0117647058823529","171",0
722,"38","2024-09-01",24,"1.1315789473684211","43",1
723,"27","2024-06-11",106,"1.2962962962962963","35",0
724,"37","2024-09-17",8,"1.1891891891891892","44",0
725,"24","2024-09-22",3,"1.2083333333333333","29",0
726,"150","2024-09-25",0,"2.7400000000000000","411",0
727,"134","2024-09-12",13,"1.6119402985074627","216",0
728,"50","2024-08-31",25,"1.2600000000000000","63",1
729,"47","2024-09-05",20,"1.1914893617021277","56",0
730,"33","2024-09-16",9,"1.2121212121212121","40",0
731,"33","2024-09-11",14,"1.3333333333333333","44",0
732,"76","2024-09-25",0,"1.7236842105263158","131",0
733,"165","2024-09-25",0,"2.5272727272727273","417",0
734,"117","2024-09-20",5,"1.7606837606837607","206",0
735,"30","2024-08-21",35,"1.3666666666666667","41",0
736,"131","2024-09-18",7,"1.6259541984732824","213",0
737,"130","2024-09-24",1,"1.6692307692307692","217",0
738,"28","2024-09-25",0,"1.2500000000000000","35",0
739,"225","2024-09-24",1,"2.4400000000000000","549",0
740,"106","2024-09-24",1,"1.6320754716981132","173",0
741,"37","2024-09-01",24,"1.2162162162162162","45",1
742,"134","2024-09-25",0,"1.6641791044776119","223",0
743,"110","2024-09-20",5,"1.6363636363636364","180",0
744,"45","2024-09-15",10,"1.2000000000000000","54",1
745,"46","2024-08-16",40,"1.1739130434782609","54",0
746,"143","2024-09-24",1,"1.7412587412587413","249",0
747,"34","2024-09-25",0,"1.2058823529411765","41",0
748,"39","2024-09-24",1,"1.2564102564102564","49",0
749,"40","2024-09-24",1,"1.3250000000000000","53",0
750,"37","2024-07-08",79,"1.2162162162162162","45",0
751,"34","2024-09-21",4,"1.5588235294117647","53",0
752,"40","2024-09-02",23,"1.2250000000000000","49",1
753,"149","2024-09-25",0,"1.5100671140939597","225",0
754,"115","2024-09-25",0,"1.7043478260869565","196",0
755,"85","2024-09-21",4,"1.7764705882352941","151",0
756,"132","2024-09-24",1,"1.5833333333333333","209",0
757,"38","2024-09-16",9,"1.1052631578947368","42",0
758,"111","2024-09-22",3,"1.5495495495495495","172",0
759,"132","2024-09-25",0,"1.5984848484848485","211",0
760,"40","2024-09-25",0,"1.2500000000000000","50",0
761,"115","2024-09-22",3,"1.7739130434782609","204",0
762,"80","2024-09-24",1,"1.8750000000000000","150",0
763,"44","2024-09-12",13,"1.3181818181818182","58",0
764,"42","2024-09-09",16,"1.2619047619047619","53",1
765,"69","2024-09-25",0,"1.7971014492753623","124",0
766,"36","2024-09-01",24,"1.1666666666666667","42",0
767,"27","2024-09-21",4,"1.3703703703703704","37",0
768,"129","2024-09-25",0,"1.5736434108527132","203",0
769,"132","2024-09-23",2,"1.5530303030303030","205",0
770,"101","2024-09-24",1,"1.7227722772277228","174",0
771,"114","2024-09-25",0,"1.6842105263157895","192",0
772,"209","2024-09-25",0,"2.4880382775119617","520",0
773,"41","2024-09-21",4,"1.1219512195121951","46",0
774,"162","2024-09-25",0,"2.4629629629629630","399",0
775,"70","2024-09-21",4,"1.9428571428571429","136",0
776,"38","2024-09-01",24,"1.3157894736842105","50",0
777,"31","2024-09-22",3,"1.4193548387096774","44",0
778,"35","2024-07-26",61,"1.2571428571428571","44",0
779,"211","2024-09-25",0,"2.3696682464454976","500",0
780,"101","2024-09-24",1,"1.6039603960396040","162",0
781,"123","2024-09-19",6,"1.6504065040650407","203",0
782,"115","2024-09-23",2,"1.6086956521739130","185",0
783,"36","2024-09-10",15,"1.4166666666666667","51",0
784,"142","2024-09-24",1,"1.5211267605633803","216",0
785,"87","2024-09-25",0,"1.6896551724137931","147",0
786,"121","2024-09-25",0,"2.6033057851239669","315",0
787,"35","2024-09-23",2,"1.4285714285714286","50",0
788,"32","2024-08-02",54,"1.2812500000000000","41",0
789,"127","2024-09-24",1,"1.5984251968503937","203",0
790,"119","2024-09-24",1,"1.5798319327731092","188",0
791,"114","2024-09-24",1,"1.6578947368421053","189",0
792,"134","2024-09-21",4,"1.5522388059701493","208",0
793,"139","2024-09-21",4,"1.4964028776978417","208",0
794,"190","2024-09-25",0,"2.4526315789473684","466",0
795,"49","2024-09-24",1,"1.1428571428571429","56",0
796,"135","2024-09-24",1,"1.5333333333333333","207",0
797,"31","2024-09-17",8,"1.1612903225806452","36",0
798,"35","2024-09-21",4,"1.1714285714285714","41",0
799,"86","2024-09-25",0,"1.7906976744186047","154",0
800,"117","2024-09-22",3,"1.6410256410256410","192",0
801,"114","2024-09-23",2,"1.6140350877192982","184",0
802,"138","2024-09-25",0,"2.6884057971014493","371",0
803,"118","2024-09-25",0,"2.6525423728813559","313",0
804,"146","2024-09-25",0,"1.5342465753424658","224",0
805,"131","2024-09-25",0,"2.6106870229007634","342",0
806,"101","2024-09-23",2,"1.7326732673267327","175",0
807,"39","2024-09-13",12,"1.2564102564102564","49",0
808,"212","2024-09-24",1,"2.4858490566037736","527",0
809,"36","2024-09-05",20,"1.2777777777777778","46",0
810,"74","2024-09-25",0,"1.7837837837837838","132",0
811,"105","2024-09-23",2,"1.5238095238095238","160",0
812,"35","2024-09-16",9,"1.3714285714285714","48",0
813,"66","2024-09-25",0,"1.9393939393939394","128",0
814,"183","2024-09-25",0,"2.7540983606557377","504",0
815,"48","2024-09-22",3,"1.1458333333333333","55",0
816,"42","2024-08-28",28,"1.2142857142857143","51",0
817,"75","2024-09-24",1,"1.8666666666666667","140",0
818,"43","2024-09-01",24,"1.3023255813953488","56",1
819,"144","2024-09-25",0,"1.6458333333333333","237",0
820,"54","2024-09-25",0,"1.0740740740740741","58",0
821,"73","2024-09-24",1,"1.8767123287671233","137",0
822,"178","2024-09-24",1,"2.4101123595505618","429",0
823,"42","2024-07-19",68,"1.3095238095238095","55",0
824,"106","2024-09-25",0,"3.0188679245283019","320",0
825,"44","2024-09-07",18,"1.2272727272727273","54",1
826,"41","2024-07-27",60,"1.1463414634146341","47",0
827,"34","2024-09-05",20,"1.2647058823529412","43",0
828,"48","2024-08-07",49,"1.3750000000000000","66",1
829,"164","2024-09-25",0,"2.4756097560975610","406",0
830,"43","2024-09-12",13,"1.2325581395348837","53",1
831,"207","2024-09-25",0,"2.5942028985507246","537",0
832,"88","2024-09-25",0,"2.7727272727272727","244",0
833,"125","2024-09-25",0,"1.6960000000000000","212",0
834,"34","2024-08-29",27,"1.2352941176470588","42",1
835,"106","2024-09-25",0,"2.9528301886792453","313",0
836,"51","2024-08-31",25,"1.0784313725490196","55",0
837,"41","2024-09-25",0,"1.1951219512195122","49",1
838,"198","2024-09-25",0,"2.4646464646464646","488",0
839,"95","2024-09-23",2,"1.6736842105263158","159",0
840,"40","2024-09-15",10,"1.2250000000000000","49",1
841,"164","2024-09-25",0,"2.7012195121951220","443",0
842,"46","2024-09-07",18,"1.1956521739130435","55",0
843,"55","2024-09-20",5,"1.3636363636363636","75",1
844,"197","2024-09-25",0,"2.5076142131979695","494",0
845,"107","2024-09-25",0,"1.5420560747663551","165",0
846,"115","2024-09-21",4,"1.6695652173913043","192",0
847,"131","2024-09-24",1,"1.4351145038167939","188",0
848,"210","2024-09-25",0,"2.4285714285714286","510",0
849,"140","2024-09-16",9,"1.5642857142857143","219",0
850,"45","2024-07-21",66,"1.2444444444444444","56",0
851,"40","2024-09-24",1,"1.2750000000000000","51",1
852,"115","2024-09-23",2,"1.7391304347826087","200",0
853,"40","2024-09-23",2,"1.3500000000000000","54",0
854,"121","2024-09-22",3,"1.5371900826446281","186",0
855,"33","2024-09-15",10,"1.1515151515151515","38",0
856,"191","2024-09-25",0,"2.4397905759162304","466",0
857,"218","2024-09-25",0,"2.4220183486238532","528",0
858,"46","2024-08-22",34,"1.1956521739130435","55",1
859,"43","2024-09-16",9,"1.3488372093023256","58",0
860,"88","2024-09-25",0,"1.6477272727272727","145",0
861,"33","2024-09-21",4,"1.3636363636363636","45",1
862,"79","2024-09-23",2,"1.7974683544303797","142",0
863,"139","2024-09-22",3,"1.5395683453237410","214",0
864,"43","2024-09-07",18,"1.2325581395348837","53",1
865,"101","2024-09-23",2,"1.6831683168316832","170",0
866,"127","2024-09-21",4,"1.5118110236220472","192",0
867,"142","2024-09-25",0,"1.6197183098591549","230",0
868,"39","2024-09-16",9,"1.2564102564102564","49",0
869,"38","2024-09-11",14,"1.0789473684210526","41",0
870,"145","2024-09-25",0,"2.4551724137931034","356",0
871,"216","2024-09-24",1,"2.4490740740740741","529",0
872,"135","2024-09-23",2,"1.5925925925925926","215",0
873,"140","2024-09-24",1,"2.5571428571428571","358",0
874,"229","2024-09-25",0,"2.3930131004366812","548",0
875,"111","2024-09-24",1,"1.4504504504504505","161",0
876,"140","2024-09-24",1,"1.5571428571428571","218",0
877,"126","2024-09-24",1,"1.5873015873015873","200",0
878,"214","2024-09-25",0,"2.5000000000000000","535",0
879,"32","2024-09-13",12,"1.2812500000000000","41",1
880,"100","2024-09-25",0,"1.6800000000000000","168",0
881,"130","2024-09-25",0,"1.6846153846153846","219",0
882,"140","2024-09-25",0,"1.6214285714285714","227",0
883,"93","2024-09-24",1,"1.7096774193548387","159",0
884,"215","2024-09-25",0,"2.4511627906976744","527",0
885,"43","2024-09-17",8,"1.1860465116279070","51",1
886,"37","2024-09-21",4,"1.3783783783783784","51",1
887,"89","2024-09-22",3,"1.8089887640449438","161",0
888,"43","2024-09-06",19,"1.2093023255813953","52",0
889,"38","2024-09-24",1,"1.0526315789473684","40",0
890,"85","2024-09-25",0,"1.8941176470588235","161",0
891,"95","2024-09-24",1,"1.5473684210526316","147",0
892,"39","2024-08-30",26,"1.2051282051282051","47",0
893,"138","2024-09-23",2,"1.5507246376811594","214",0
894,"43","2024-09-18",7,"1.2790697674418605","55",0
895,"218","2024-09-25",0,"2.5321100917431193","552",0
896,"36","2024-09-25",0,"1.2222222222222222","44",0
897,"141","2024-09-25",0,"2.7375886524822695","386",0
898,"46","2024-09-23",2,"1.1521739130434783","53",1
899,"132","2024-09-21",4,"1.6060606060606061","212",0
900,"39","2024-09-24",1,"1.1538461538461538","45",0
901,"47","2024-09-25",0,"1.1914893617021277","56",0
902,"237","2024-09-25",0,"2.3417721518987342","555",0
903,"29","2024-09-22",3,"1.1379310344827586","33",0
904,"209","2024-09-25",0,"2.7799043062200957","581",0
905,"137","2024-09-24",1,"1.6131386861313869","221",0
906,"128","2024-09-25",0,"1.6328125000000000","209",0
907,"95","2024-09-24",1,"1.6842105263157895","160",0
908,"44","2024-09-22",3,"1.2045454545454545","53",0
909,"129","2024-09-24",1,"1.5813953488372093","204",0
910,"81","2024-09-25",0,"1.5925925925925926","129",0
911,"45","2024-08-01",55,"1.1777777777777778","53",0
912,"41","2024-09-24",1,"1.2926829268292683","53",0
913,"99","2024-09-22",3,"1.7676767676767677","175",0
914,"130","2024-09-24",1,"1.5692307692307692","204",0
915,"105","2024-09-17",8,"1.5809523809523810","166",0
916,"40","2024-09-01",24,"1.3250000000000000","53",1
917,"181","2024-09-25",0,"2.6408839779005525","478",0
918,"98","2024-09-25",0,"1.7040816326530612","167",0
919,"40","2024-08-31",25,"1.2500000000000000","50",0
920,"79","2024-09-25",0,"1.7848101265822785","141",0
921,"45","2024-09-16",9,"1.2666666666666667","57",0
922,"40","2024-09-22",3,"1.3250000000000000","53",0
923,"105","2024-09-24",1,"1.8190476190476190","191",0
924,"204","2024-09-25",0,"2.4901960784313725","508",0
925,"35","2024-09-08",17,"1.1714285714285714","41",1
926,"136","2024-09-25",0,"1.6764705882352941","228",0
927,"31","2024-09-23",2,"1.1935483870967742","37",0
928,"130","2024-09-21",4,"1.5769230769230769","205",0
929,"185","2024-09-25",0,"2.2162162162162162","410",0
930,"126","2024-09-24",1,"1.6269841269841270","205",0
931,"137","2024-09-24",1,"1.6350364963503650","224",0
932,"41","2024-09-04",21,"1.1463414634146341","47",0
933,"125","2024-09-25",0,"2.7360000000000000","342",0
934,"38","2024-09-23",2,"1.3157894736842105","50",1
935,"95","2024-09-24",1,"1.7578947368421053","167",0
936,"111","2024-09-20",5,"1.7117117117117117","190",0
937,"83","2024-09-25",0,"2.8313253012048193","235",0
938,"43","2024-09-13",12,"1.2790697674418605","55",1
939,"33","2024-09-01",24,"1.1818181818181818","39",1
940,"36","2024-09-09",16,"1.1944444444444444","43",0
941,"40","2024-08-13",43,"1.1750000000000000","47",1
942,"71","2024-09-25",0,"1.7323943661971831","123",0
943,"66","2024-09-24",1,"1.9393939393939394","128",0
944,"122","2024-09-21",4,"1.5737704918032787","192",0
945,"101","2024-09-24",1,"1.6336633663366337","165",0
946,"37","2024-09-11",14,"1.1621621621621622","43",0
947,"34","2024-09-25",0,"1.1470588235294118","39",0
948,"101","2024-09-25",0,"1.7326732673267327","175",0
949,"41","2024-09-15",10,"1.2439024390243902","51",0
950,"46","2024-06-22",95,"1.2608695652173913","58",1
951,"48","2024-09-02",23,"1.1458333333333333","55",1
952,"100","2024-09-25",0,"1.6700000000000000","167",0
953,"101","2024-09-25",0,"1.7128712871287129","173",0
954,"31","2024-09-25",0,"1.0645161290322581","33",1
955,"231","2024-09-23",2,"2.2900432900432900","529",0
956,"166","2024-09-25",0,"2.3614457831325301","392",0
957,"41","2024-09-23",2,"1.2195121951219512","50",0
958,"178","2024-09-25",0,"2.3539325842696629","419",0
959,"48","2024-08-28",28,"1.2500000000000000","60",0
960,"125","2024-09-17",8,"1.6960000000000000","212",0
961,"44","2024-09-13",12,"1.1590909090909091","51",0
962,"87","2024-09-25",0,"1.7816091954022989","155",0
963,"39","2024-09-23",2,"1.2820512820512821","50",1
964,"177","2024-09-25",0,"2.3898305084745763","423",0
965,"131","2024-09-23",2,"1.6183206106870229","212",0
966,"30","2024-09-24",1,"1.2333333333333333","37",0
967,"38","2024-08-26",30,"1.2105263157894737","46",0
968,"64","2024-09-25",0,"1.7812500000000000","114",0
969,"224","2024-09-25",0,"2.4375000000000000","546",0
970,"136","2024-09-24",1,"1.6029411764705882","218",0
971,"27","2024-09-12",13,"1.2592592592592593","34",0
972,"87","2024-09-23",2,"1.7356321839080460","151",0
973,"67","2024-09-25",0,"1.7014925373134328","114",0
974,"41","2024-09-14",11,"1.4146341463414634","58",0
975,"45","2024-07-31",56,"1.2888888888888889","58",1
976,"80","2024-09-25",0,"1.6125000000000000","129",0
977,"38","2024-09-21",4,"1.2631578947368421","48",0
978,"113","2024-09-25",0,"1.5663716814159292","177",0
979,"116","2024-09-25",0,"1.5603448275862069","181",0
980,"134","2024-09-20",5,"1.6343283582089552","219",0
981,"34","2024-09-25",0,"1.2058823529411765","41",0
982,"37","2024-08-29",27,"1.3513513513513514","50",0
983,"41","2024-07-04",83,"1.1951219512195122","49",0
984,"139","2024-09-24",1,"1.5107913669064748","210",0
985,"118","2024-09-25",0,"2.8983050847457627","342",0
986,"71","2024-09-23",2,"1.7464788732394366","124",0
987,"48","2024-08-15",41,"1.1666666666666667","56",0
988,"76","2024-09-23",2,"1.6315789473684211","124",0
989,"31","2024-08-27",29,"1.1935483870967742","37",0
990,"115","2024-09-21",4,"1.6521739130434783","190",0
991,"37","2024-08-21",35,"1.2972972972972973","48",0
992,"124","2024-09-25",0,"1.4193548387096774","176",0
993,"34","2024-09-06",19,"1.2352941176470588","42",1
994,"64","2024-09-25",0,"1.7187500000000000","110",0
995,"115","2024-09-20",5,"1.5739130434782609","181",0
996,"39","2024-09-23",2,"1.0512820512820513","41",0
997,"97","2024-09-25",0,"1.6701030927835052","162",0
998,"31","2024-09-13",12,"1.2580645161290323","39",0
999,"69","2024-09-25",0,"1.8115942028985507","125",0
1000,"123","2024-09-24",1,"1.5121951219512195","186",0
1001,"44","2024-08-25",31,"1.2045454545454545","53",1
1002,"40","2024-06-10",107,"1.3000000000000000","52",0
1003,"119","2024-09-21",4,"1.7731092436974790","211",0
1004,"34","2024-07-24",63,"1.3235294117647059","45",0
1005,"83","2024-09-25",0,"1.8915662650602410","157",0
1006,"182","2024-09-25",0,"2.4560439560439560","447",0
1007,"123","2024-09-17",8,"1.5772357723577236","194",0
1008,"157","2024-09-24",1,"2.5923566878980892","407",0
1009,"121","2024-09-24",1,"1.5454545454545455","187",0
1010,"137","2024-09-23",2,"1.5839416058394161","217",0
1011,"98","2024-09-22",3,"1.6224489795918367","159",0
1012,"229","2024-09-25",0,"2.4497816593886463","561",0
1013,"192","2024-09-25",0,"2.5208333333333333","484",0
1014,"39","2024-09-06",19,"1.2051282051282051","47",1
1015,"126","2024-09-22",3,"1.6111111111111111","203",0
1016,"30","2024-09-20",5,"1.0666666666666667","32",0
1017,"39","2024-09-14",11,"1.3076923076923077","51",1
1018,"41","2024-09-15",10,"1.1219512195121951","46",1
1019,"36","2024-09-20",5,"1.0555555555555556","38",0
1020,"108","2024-09-25",0,"1.8240740740740741","197",0
1021,"33","2024-09-25",0,"1.1515151515151515","38",0
1022,"180","2024-09-25",0,"2.5611111111111111","461",0
1023,"101","2024-09-24",1,"1.8019801980198020","182",0
1024,"106","2024-09-25",0,"1.5660377358490566","166",0
1025,"48","2024-08-01",55,"1.2500000000000000","60",0
1026,"108","2024-09-13",12,"1.6666666666666667","180",0
1027,"74","2024-09-25",0,"1.7702702702702703","131",0
1028,"140","2024-09-25",0,"1.5285714285714286","214",0
1029,"110","2024-09-25",0,"1.6818181818181818","185",0
1030,"40","2024-08-08",48,"1.2500000000000000","50",1
1031,"107","2024-09-23",2,"1.7850467289719626","191",0
1032,"140","2024-09-24",1,"1.6142857142857143","226",0
1033,"29","2024-07-06",81,"1.2068965517241379","35",0
1034,"70","2024-09-25",0,"1.6571428571428571","116",0
1035,"130","2024-09-25",0,"2.6076923076923077","339",0
1036,"74","2024-09-25",0,"1.7027027027027027","126",0
1037,"37","2024-09-14",11,"1.2432432432432432","46",0
1038,"221","2024-09-25",0,"2.4027149321266968","531",0
1039,"33","2024-08-28",28,"1.2424242424242424","41",1
1040,"44","2024-09-19",6,"1.1363636363636364","50",0
1041,"88","2024-09-24",1,"1.8522727272727273","163",0
1042,"39","2024-09-16",9,"1.2307692307692308","48",0
1043,"201","2024-09-25",0,"2.4676616915422886","496",0
1044,"45","2024-09-21",4,"1.3333333333333333","60",0
1045,"100","2024-09-23",2,"1.7100000000000000","171",0
1046,"30","2024-09-18",7,"1.2333333333333333","37",0
1047,"128","2024-09-25",0,"1.6171875000000000","207",0
1048,"35","2024-09-17",8,"1.3428571428571429","47",0
1049,"46","2024-09-04",21,"1.3695652173913043","63",0
1050,"34","2024-09-24",1,"1.1176470588235294","38",0
1051,"39","2024-09-22",3,"1.3846153846153846","54",0
1052,"36","2024-09-24",1,"1.3333333333333333","48",0
1053,"123","2024-09-24",1,"1.6504065040650407","203",0
1054,"36","2024-07-29",58,"1.1944444444444444","43",1
1055,"100","2024-09-22",3,"1.6300000000000000","163",0
1056,"104","2024-09-25",0,"2.7788461538461538","289",0
1057,"130","2024-09-21",4,"1.5153846153846154","197",0
1058,"28","2024-09-16",9,"1.2142857142857143","34",0
1059,"73","2024-09-25",0,"1.8356164383561644","134",0
1060,"35","2024-09-19",6,"1.1428571428571429","40",0
1061,"120","2024-09-24",1,"1.5916666666666667","191",0
1062,"36","2024-07-16",71,"1.3055555555555556","47",0
1063,"85","2024-09-25",0,"1.9647058823529412","167",0
1064,"133","2024-09-19",6,"1.6541353383458647","220",0
1065,"40","2024-08-25",31,"1.2750000000000000","51",1
1066,"126","2024-09-23",2,"1.7619047619047619","222",0
1067,"141","2024-09-20",5,"1.4893617021276596","210",0
1068,"231","2024-09-25",0,"2.4761904761904762","572",0
1069,"38","2024-09-07",18,"1.1842105263157895","45",0
1070,"123","2024-09-18",7,"1.6829268292682927","207",0
1071,"106","2024-09-24",1,"1.6509433962264151","175",0
1072,"103","2024-09-25",0,"1.7184466019417476","177",0
1073,"42","2024-08-28",28,"1.1666666666666667","49",1
1074,"37","2024-09-21",4,"1.3513513513513514","50",0
1075,"79","2024-09-23",2,"1.7721518987341772","140",0
1076,"205","2024-09-25",0,"2.6439024390243902","542",0
1077,"103","2024-09-24",1,"1.6407766990291262","169",0
1078,"64","2024-09-24",1,"1.6093750000000000","103",0
1079,"123","2024-09-23",2,"1.5934959349593496","196",0
1080,"104","2024-09-25",0,"2.9134615384615385","303",0
1081,"125","2024-09-25",0,"2.6000000000000000","325",0
1082,"45","2024-07-30",57,"1.2000000000000000","54",1
1083,"74","2024-09-25",0,"1.6351351351351351","121",0
1084,"138","2024-09-24",1,"1.5507246376811594","214",0
1085,"129","2024-09-21",4,"1.5581395348837209","201",0
1086,"117","2024-09-25",0,"1.8034188034188034","211",0
1087,"31","2024-09-15",10,"1.2258064516129032","38",0
1088,"98","2024-09-24",1,"1.7959183673469388","176",0
1089,"67","2024-09-24",1,"2.0000000000000000","134",0
1090,"115","2024-09-25",0,"1.5304347826086957","176",0
1091,"136","2024-09-25",0,"2.6397058823529412","359",0
1092,"69","2024-09-25",0,"1.7681159420289855","122",0
1093,"47","2024-08-27",29,"1.1914893617021277","56",1
1094,"45","2024-09-05",20,"1.0666666666666667","48",1
1095,"45","2024-09-16",9,"1.2444444444444444","56",1
1096,"117","2024-09-15",10,"1.6239316239316239","190",0
1097,"177","2024-09-24",1,"2.7231638418079096","482",0
1098,"32","2024-09-25",0,"1.2812500000000000","41",0
1099,"138","2024-09-23",2,"1.6086956521739130","222",0
1100,"115","2024-09-25",0,"1.5826086956521739","182",0
1101,"34","2024-09-24",1,"1.1176470588235294","38",0
1102,"210","2024-09-25",0,"2.5428571428571429","534",0
1103,"124","2024-09-25",0,"2.5967741935483871","322",0
1104,"48","2024-09-15",10,"1.2083333333333333","58",1
1105,"44","2024-08-28",28,"1.2954545454545455","57",1
1106,"45","2024-09-20",5,"1.2222222222222222","55",0
1107,"49","2024-08-15",41,"1.2448979591836735","61",0
1108,"106","2024-09-19",6,"1.7547169811320755","186",0
1109,"122","2024-09-25",0,"2.5901639344262295","316",0
1110,"121","2024-09-24",1,"2.7768595041322314","336",0
1111,"48","2024-09-18",7,"1.2291666666666667","59",0
1112,"39","2024-09-21",4,"1.2820512820512821","50",0
1113,"153","2024-09-25",0,"2.7973856209150327","428",0
1114,"120","2024-09-21",4,"1.6500000000000000","198",0
1115,"38","2024-09-25",0,"1.3947368421052632","53",0
1116,"153","2024-09-25",0,"2.5424836601307190","389",0
1117,"183","2024-09-24",1,"2.4590163934426230","450",0
1118,"33","2024-09-03",22,"1.1818181818181818","39",0
1119,"91","2024-09-24",1,"1.6483516483516484","150",0
1120,"199","2024-09-22",3,"2.5829145728643216","514",0
1121,"51","2024-09-11",14,"1.2352941176470588","63",0
1122,"84","2024-09-19",6,"1.8452380952380952","155",0
1123,"105","2024-09-25",0,"1.7619047619047619","185",0
1124,"47","2024-09-24",1,"1.1914893617021277","56",0
1125,"41","2024-08-23",33,"1.1951219512195122","49",1
1126,"139","2024-09-25",0,"2.5539568345323741","355",0
1127,"89","2024-09-24",1,"1.6853932584269663","150",0
1128,"46","2024-09-17",8,"1.1739130434782609","54",1
1129,"126","2024-09-25",0,"1.7222222222222222","217",0
1130,"125","2024-09-25",0,"1.6400000000000000","205",0
1131,"34","2024-08-28",28,"1.2941176470588235","44",0
1132,"228","2024-09-24",1,"2.4517543859649123","559",0
1133,"35","2024-09-24",1,"1.4000000000000000","49",0
1134,"227","2024-09-24",1,"2.4096916299559471","547",0
1135,"44","2024-07-13",74,"1.2272727272727273","54",0
1136,"111","2024-09-24",1,"1.6576576576576577","184",0
1137,"111","2024-09-25",0,"2.7297297297297297","303",0
1138,"48","2024-09-23",2,"1.1666666666666667","56",1
1139,"42","2024-09-11",14,"1.4047619047619048","59",0
1140,"86","2024-09-24",1,"1.7790697674418605","153",0
1141,"113","2024-09-23",2,"1.7256637168141593","195",0
1142,"43","2024-09-21",4,"1.1395348837209302","49",1
1143,"42","2024-09-01",24,"1.2857142857142857","54",1
1144,"126","2024-09-24",1,"1.5873015873015873","200",0
1145,"140","2024-09-25",0,"2.7642857142857143","387",0
1146,"33","2024-09-23",2,"1.2727272727272727","42",0
1147,"41","2024-09-22",3,"1.1951219512195122","49",0
1148,"111","2024-09-25",0,"2.5765765765765766","286",0
1149,"85","2024-09-25",0,"2.7294117647058824","232",0
1150,"190","2024-09-25",0,"2.2578947368421053","429",0
1151,"36","2024-08-25",31,"1.2777777777777778","46",0
1152,"34","2024-09-16",9,"1.1764705882352941","40",0
1153,"186","2024-09-25",0,"2.3172043010752688","431",0
1154,"93","2024-09-25",0,"1.6129032258064516","150",0
1155,"80","2024-09-25",0,"1.7000000000000000","136",0
1156,"26","2024-09-19",6,"1.3076923076923077","34",0
1157,"132","2024-09-23",2,"1.6136363636363636","213",0
1158,"186","2024-09-25",0,"2.2795698924731183","424",0
1159,"221","2024-09-25",0,"2.3619909502262443","522",0
1160,"105","2024-09-20",5,"1.4380952380952381","151",0
1161,"177","2024-09-24",1,"2.6892655367231638","476",0
1162,"38","2024-08-22",34,"1.2105263157894737","46",1
1163,"129","2024-09-25",0,"2.7209302325581395","351",0
1164,"84","2024-09-21",4,"1.5000000000000000","126",0
1165,"80","2024-09-25",0,"1.8375000000000000","147",0
1166,"31","2024-09-11",14,"1.3870967741935484","43",1
1167,"48","2024-09-20",5,"1.2708333333333333","61",1
1168,"104","2024-09-25",0,"1.7500000000000000","182",0
1169,"29","2024-09-17",8,"1.4827586206896552","43",0
1170,"97","2024-09-24",1,"1.8041237113402062","175",0
1171,"65","2024-09-25",0,"1.8307692307692308","119",0
1172,"41","2024-09-11",14,"1.2195121951219512","50",0
1173,"212","2024-09-25",0,"2.4858490566037736","527",0
1174,"35","2024-09-01",24,"1.2285714285714286","43",0
1175,"160","2024-09-25",0,"2.5000000000000000","400",0
1176,"74","2024-09-24",1,"1.7837837837837838","132",0
1177,"88","2024-09-25",0,"2.9545454545454545","260",0
1178,"134","2024-09-24",1,"1.5820895522388060","212",0
1179,"184","2024-09-25",0,"2.5978260869565217","478",0
1180,"89","2024-09-25",0,"1.7640449438202247","157",0
1181,"43","2024-09-21",4,"1.2325581395348837","53",0
1182,"101","2024-09-25",0,"2.9900990099009901","302",0
1183,"139","2024-09-25",0,"2.6690647482014388","371",0
1184,"38","2024-09-04",21,"1.2368421052631579","47",0
1185,"117","2024-09-23",2,"1.6324786324786325","191",0
1186,"41","2024-09-01",24,"1.2195121951219512","50",0
1187,"32","2024-09-15",10,"1.3125000000000000","42",0
1188,"40","2024-09-24",1,"1.2750000000000000","51",0
1189,"47","2024-09-02",23,"1.3191489361702128","62",0
1190,"38","2024-08-13",43,"1.1842105263157895","45",0
1191,"117","2024-09-24",1,"1.6153846153846154","189",0
1192,"114","2024-09-19",6,"1.6315789473684211","186",0
1193,"110","2024-09-25",0,"1.7636363636363636","194",0
1194,"198","2024-09-24",1,"2.5101010101010101","497",0
1195,"27","2024-09-15",10,"1.1851851851851852","32",1
1196,"39","2024-07-17",70,"1.2051282051282051","47",1
1197,"83","2024-09-23",2,"1.7228915662650602","143",0
1198,"84","2024-09-25",0,"2.5357142857142857","213",0
1199,"85","2024-09-23",2,"1.7764705882352941","151",0
1200,"176","2024-09-22",3,"2.7329545454545455","481",0
1201,"213","2024-09-25",0,"2.4507042253521127","522",0
1202,"102","2024-09-25",0,"2.7156862745098039","277",0
1203,"52","2024-08-18",38,"1.2115384615384615","63",0
1204,"39","2024-09-05",20,"1.2307692307692308","48",0
1205,"70","2024-09-25",0,"1.6000000000000000","112",0
1206,"206","2024-09-24",1,"2.5145631067961165","518",0
1207,"86","2024-09-25",0,"1.6976744186046512","146",0
1208,"89","2024-09-25",0,"2.4494382022471910","218",0
1209,"140","2024-09-23",2,"1.5500000000000000","217",0
1210,"133","2024-09-23",2,"1.6165413533834586","215",0
1211,"138","2024-09-25",0,"1.6376811594202899","226",0
1212,"41","2024-07-15",72,"1.2439024390243902","51",0
1213,"98","2024-09-22",3,"1.6632653061224490","163",0
1214,"85","2024-09-25",0,"2.7411764705882353","233",0
1215,"139","2024-09-25",0,"2.7266187050359712","379",0
1216,"52","2024-09-17",8,"1.1346153846153846","59",0
1217,"77","2024-09-25",0,"1.8961038961038961","146",0
1218,"37","2024-09-23",2,"1.1891891891891892","44",0
1219,"134","2024-09-22",3,"1.5298507462686567","205",0
1220,"127","2024-09-25",0,"2.8031496062992126","356",0
1221,"96","2024-09-24",1,"1.8229166666666667","175",0
1222,"38","2024-07-15",72,"1.1578947368421053","44",1
1223,"105","2024-09-25",0,"2.8476190476190476","299",0
1224,"122","2024-09-24",1,"1.6803278688524590","205",0
1225,"115","2024-09-25",0,"1.6695652173913043","192",0
1226,"38","2024-09-25",0,"1.3947368421052632","53",0
1227,"115","2024-09-25",0,"1.5391304347826087","177",0
1228,"49","2024-08-28",28,"1.3265306122448980","65",1
1229,"144","2024-09-25",0,"2.5347222222222222","365",0
1230,"80","2024-09-24",1,"1.7750000000000000","142",0
1231,"97","2024-09-25",0,"1.7938144329896907","174",0
1232,"36","2024-08-14",42,"1.2222222222222222","44",0
1233,"126","2024-09-24",1,"1.5873015873015873","200",0
1234,"212","2024-09-25",0,"2.4622641509433962","522",0
1235,"66","2024-09-23",2,"1.6666666666666667","110",0
1236,"94","2024-09-24",1,"1.7446808510638298","164",0
1237,"158","2024-09-25",0,"2.7088607594936709","428",0
1238,"40","2024-06-10",107,"1.2250000000000000","49",0
1239,"184","2024-09-25",0,"2.6847826086956522","494",0
1240,"182","2024-09-24",1,"2.6428571428571429","481",0
1241,"46","2024-09-24",1,"1.1304347826086957","52",1
1242,"52","2024-09-17",8,"1.3076923076923077","68",0
1243,"39","2024-09-05",20,"1.3333333333333333","52",1
1244,"112","2024-09-25",0,"1.7232142857142857","193",0
1245,"46","2024-09-16",9,"1.1956521739130435","55",1
1246,"111","2024-09-25",0,"1.7297297297297297","192",0
1247,"163","2024-09-25",0,"2.5092024539877301","409",0
1248,"48","2024-09-01",24,"1.1875000000000000","57",1
1249,"33","2024-09-19",6,"1.1818181818181818","39",0
1250,"48","2024-07-28",59,"1.2083333333333333","58",0
1251,"33","2024-09-17",8,"1.0909090909090909","36",0
1252,"163","2024-09-25",0,"2.7668711656441718","451",0
1253,"41","2024-09-25",0,"1.2926829268292683","53",1
1254,"45","2024-08-16",40,"1.2888888888888889","58",1
1255,"131","2024-09-25",0,"2.7251908396946565","357",0
1256,"198","2024-09-23",2,"2.5101010101010101","497",0
1257,"41","2024-09-07",18,"1.1219512195121951","46",0
1258,"97","2024-09-25",0,"2.6185567010309278","254",0
1259,"119","2024-09-25",0,"2.7478991596638655","327",0
1260,"189","2024-09-25",0,"2.4126984126984127","456",0
1261,"73","2024-09-25",0,"1.8219178082191781","133",0
1262,"219","2024-09-25",0,"2.3287671232876712","510",0
1263,"181","2024-09-25",0,"2.5524861878453039","462",0
1264,"40","2024-09-22",3,"1.0750000000000000","43",1
1265,"80","2024-09-23",2,"1.8750000000000000","150",0
1266,"82","2024-09-25",0,"1.8536585365853659","152",0
1267,"111","2024-09-25",0,"1.7207207207207207","191",0
1268,"33","2024-09-24",1,"1.1515151515151515","38",0
1269,"108","2024-09-24",1,"1.7407407407407407","188",0
1270,"131","2024-09-25",0,"2.7251908396946565","357",0
1271,"83","2024-09-25",0,"1.9156626506024096","159",0
1272,"122","2024-09-25",0,"1.6639344262295082","203",0
1273,"50","2024-09-20",5,"1.1400000000000000","57",1
1274,"164","2024-09-25",0,"2.5060975609756098","411",0
1275,"141","2024-09-15",10,"1.5886524822695035","224",0
1276,"85","2024-09-23",2,"1.7058823529411765","145",0
1277,"138","2024-09-25",0,"1.4855072463768116","205",0
1278,"32","2024-09-22",3,"1.1562500000000000","37",0
1279,"135","2024-09-21",4,"1.6000000000000000","216",0
1280,"87","2024-09-24",1,"1.7931034482758621","156",0
1281,"36","2024-09-18",7,"1.1111111111111111","40",1
1282,"82","2024-09-24",1,"1.6585365853658537","136",0
1283,"136","2024-09-25",0,"1.5514705882352941","211",0
1284,"33","2024-06-18",99,"1.2424242424242424","41",0
1285,"129","2024-09-21",4,"1.5503875968992248","200",0
1286,"27","2024-09-18",7,"1.1851851851851852","32",0
1287,"37","2024-09-22",3,"1.3513513513513514","50",0
1288,"35","2024-08-10",46,"1.0857142857142857","38",1
1289,"66","2024-09-25",0,"1.8181818181818182","120",0
1290,"159","2024-09-24",1,"2.7169811320754717","432",0
1291,"116","2024-09-25",0,"1.6120689655172414","187",0
1292,"113","2024-09-24",1,"1.5752212389380531","178",0
1293,"124","2024-09-23",2,"1.4677419354838710","182",0
1294,"36","2024-09-10",15,"1.2500000000000000","45",1
1295,"37","2024-09-25",0,"1.2972972972972973","48",0
1296,"104","2024-09-25",0,"1.7500000000000000","182",0
1297,"40","2024-09-17",8,"1.3250000000000000","53",1
1298,"106","2024-09-25",0,"1.7169811320754717","182",0
1299,"33","2024-09-23",2,"1.1515151515151515","38",0
1300,"48","2024-09-21",4,"1.2500000000000000","60",0
1301,"223","2024-09-25",0,"2.4798206278026906","553",0
1302,"48","2024-08-19",37,"1.1666666666666667","56",0
1303,"45","2024-09-09",16,"1.3555555555555556","61",1
1304,"42","2024-08-13",43,"1.3333333333333333","56",1
1305,"49","2024-09-19",6,"1.4489795918367347","71",0
1306,"139","2024-09-16",9,"1.5179856115107914","211",0
1307,"238","2024-09-25",0,"2.5126050420168067","598",0
1308,"25","2024-09-15",10,"1.2400000000000000","31",0
1309,"46","2024-09-17",8,"1.1304347826086957","52",0
1310,"36","2024-08-30",26,"1.1111111111111111","40",0
1311,"114","2024-09-24",1,"1.6315789473684211","186",0
1312,"42","2024-09-19",6,"1.2857142857142857","54",1
1313,"38","2024-09-22",3,"1.2368421052631579","47",1
1314,"41","2024-09-20",5,"1.1951219512195122","49",1
1315,"41","2024-09-15",10,"1.3170731707317073","54",0
1316,"125","2024-09-25",0,"2.6880000000000000","336",0
1317,"35","2024-09-05",20,"1.2571428571428571","44",0
1318,"36","2024-09-15",10,"1.1111111111111111","40",1
1319,"154","2024-09-25",0,"2.8766233766233766","443",0
1320,"140","2024-09-23",2,"1.6142857142857143","226",0
1321,"31","2024-09-10",15,"1.1935483870967742","37",0
1322,"213","2024-09-24",1,"2.4037558685446009","512",0
1323,"43","2024-08-14",42,"1.1162790697674419","48",0
1324,"77","2024-09-25",0,"1.8181818181818182","140",0
1325,"42","2024-09-23",2,"1.1904761904761905","50",0
1326,"99","2024-09-23",2,"1.7777777777777778","176",0
1327,"44","2024-09-14",11,"1.2727272727272727","56",0
1328,"42","2024-08-24",32,"1.2619047619047619","53",0
1329,"39","2024-09-24",1,"1.1282051282051282","44",1
1330,"93","2024-09-16",9,"1.8172043010752688","169",0
1331,"108","2024-09-25",0,"1.5833333333333333","171",0
1332,"131","2024-09-20",5,"1.5801526717557252","207",0
1333,"122","2024-09-21",4,"1.6721311475409836","204",0
1334,"207","2024-09-25",0,"2.4830917874396135","514",0
1335,"98","2024-09-25",0,"1.5612244897959184","153",0
1336,"95","2024-09-25",0,"2.6315789473684211","250",0
1337,"51","2024-09-02",23,"1.2941176470588235","66",0
1338,"46","2024-09-09",16,"1.2608695652173913","58",1
1339,"44","2024-08-27",29,"1.2500000000000000","55",0
1340,"122","2024-09-24",1,"3.0655737704918033","374",0
1341,"32","2024-09-23",2,"1.1250000000000000","36",0
1342,"115","2024-09-25",0,"2.8000000000000000","322",0
1343,"33","2024-09-18",7,"1.1515151515151515","38",0
1344,"106","2024-09-24",1,"1.5754716981132075","167",0
1345,"46","2024-09-05",20,"1.1521739130434783","53",1
1346,"45","2024-08-07",49,"1.2888888888888889","58",1
1347,"131","2024-09-25",0,"2.6564885496183206","348",0
1348,"129","2024-09-24",1,"1.6201550387596899","209",0
1349,"39","2024-09-10",15,"1.1282051282051282","44",0
1350,"124","2024-09-23",2,"1.5564516129032258","193",0
1351,"47","2024-09-14",11,"1.1489361702127660","54",0
1352,"39","2024-09-14",11,"1.1025641025641026","43",0
1353,"45","2024-08-15",41,"1.1333333333333333","51",0
1354,"53","2024-08-21",35,"1.1320754716981132","60",0
1355,"88","2024-09-24",1,"1.7045454545454545","150",0
1356,"137","2024-09-25",0,"1.5766423357664234","216",0
1357,"123","2024-09-23",2,"1.6910569105691057","208",0
1358,"148","2024-09-25",0,"1.5675675675675676","232",0
1359,"35","2024-09-12",13,"1.2857142857142857","45",0
1360,"136","2024-09-25",0,"2.8382352941176471","386",0
1361,"138","2024-09-20",5,"1.5724637681159420","217",0
1362,"35","2024-08-20",36,"1.1428571428571429","40",0
1363,"109","2024-09-22",3,"1.6513761467889908","180",0
1364,"50","2024-09-08",17,"1.2800000000000000","64",1
1365,"35","2024-09-15",10,"1.1142857142857143","39",0
1366,"80","2024-09-24",1,"1.9625000000000000","157",0
1367,"80","2024-09-24",1,"1.7250000000000000","138",0
1368,"57","2024-09-17",8,"1.0877192982456140","62",0
1369,"190","2024-09-25",0,"2.5368421052631579","482",0
1370,"207","2024-09-24",1,"2.5314009661835749","524",0
1371,"129","2024-09-24",1,"1.6201550387596899","209",0
1372,"91","2024-09-25",0,"1.6703296703296703","152",0
1373,"41","2024-09-22",3,"1.1707317073170732","48",1
1374,"46","2024-09-18",7,"1.1956521739130435","55",0
1375,"30","2024-09-13",12,"1.1333333333333333","34",0
1376,"51","2024-09-23",2,"1.1960784313725490","61",0
1377,"45","2024-09-22",3,"1.2666666666666667","57",1
1378,"48","2024-08-09",47,"1.0625000000000000","51",0
1379,"96","2024-09-25",0,"1.5520833333333333","149",0
1380,"134","2024-09-25",0,"1.7164179104477612","230",0
1381,"92","2024-09-25",0,"2.6086956521739130","240",0
1382,"34","2024-08-16",40,"1.1470588235294118","39",0
1383,"47","2024-09-14",11,"1.2553191489361702","59",1
1384,"134","2024-09-22",3,"1.4925373134328358","200",0
1385,"214","2024-09-25",0,"2.4158878504672897","517",0
1386,"33","2024-09-11",14,"1.3636363636363636","45",1
1387,"91","2024-09-23",2,"1.7582417582417582","160",0
1388,"35","2024-08-27",29,"1.2857142857142857","45",0
1389,"93","2024-09-25",0,"2.9139784946236559","271",0
1390,"33","2024-09-20",5,"1.2727272727272727","42",0
1391,"28","2024-08-14",42,"1.3214285714285714","37",0
1392,"38","2024-09-18",7,"1.1578947368421053","44",1
1393,"31","2024-08-07",49,"1.0967741935483871","34",1
1394,"41","2024-07-13",74,"1.1219512195121951","46",0
1395,"99","2024-09-25",0,"1.6363636363636364","162",0
1396,"40","2024-09-15",10,"1.2500000000000000","50",1
1397,"199","2024-09-24",1,"2.6683417085427136","531",0
1398,"50","2024-07-23",64,"1.2200000000000000","61",0
1399,"38","2024-09-05",20,"1.1578947368421053","44",0
1400,"146","2024-09-24",1,"1.5616438356164384","228",0
1401,"46","2024-09-18",7,"1.2391304347826087","57",1
1402,"128","2024-09-25",0,"1.7187500000000000","220",0
1403,"222","2024-09-24",1,"2.3468468468468468","521",0
1404,"49","2024-08-22",34,"1.1428571428571429","56",0
1405,"111","2024-09-25",0,"1.6666666666666667","185",0
1406,"43","2024-09-16",9,"1.1627906976744186","50",1
1407,"229","2024-09-25",0,"2.3973799126637555","549",0
1408,"40","2024-09-21",4,"1.1500000000000000","46",0
1409,"108","2024-09-15",10,"1.7129629629629630","185",0
1410,"95","2024-09-25",0,"1.8000000000000000","171",0
1411,"132","2024-09-25",0,"1.6136363636363636","213",0
1412,"37","2024-08-28",28,"1.1621621621621622","43",0
1413,"137","2024-09-23",2,"1.5474452554744526","212",0
1414,"81","2024-09-24",1,"1.8518518518518519","150",0
1415,"188","2024-09-25",0,"2.4680851063829787","464",0
1416,"33","2024-09-18",7,"1.2727272727272727","42",0
1417,"147","2024-09-24",1,"2.5986394557823129","382",0
1418,"132","2024-09-23",2,"1.5378787878787879","203",0
1419,"42","2024-08-28",28,"1.1904761904761905","50",0
1420,"127","2024-09-21",4,"1.5433070866141732","196",0
1421,"47","2024-07-02",85,"1.1702127659574468","55",0
1422,"217","2024-09-25",0,"2.4193548387096774","525",0
1423,"93","2024-09-24",1,"1.9139784946236559","178",0
1424,"84","2024-09-24",1,"1.7738095238095238","149",0
1425,"36","2024-08-01",55,"1.1388888888888889","41",0
1426,"52","2024-09-02",23,"1.1730769230769231","61",0
1427,"42","2024-09-24",1,"1.2380952380952381","52",0
1428,"36","2024-08-19",37,"1.1111111111111111","40",1
1429,"40","2024-08-11",45,"1.1750000000000000","47",1
1430,"41","2024-09-20",5,"1.2682926829268293","52",0
1431,"45","2024-07-01",86,"1.2000000000000000","54",1
1432,"92","2024-09-25",0,"1.7608695652173913","162",0
1433,"37","2024-09-21",4,"1.3513513513513514","50",1
1434,"35","2024-09-24",1,"1.2857142857142857","45",0
1435,"173","2024-09-25",0,"2.6531791907514451","459",0
1436,"43","2024-09-25",0,"1.2325581395348837","53",1
1437,"36","2024-09-05",20,"1.1944444444444444","43",0
1438,"93","2024-09-25",0,"1.6021505376344086","149",0
1439,"63","2024-09-24",1,"1.6825396825396825","106",0
1440,"89","2024-09-25",0,"1.7752808988764045","158",0
1441,"116","2024-09-24",1,"1.7413793103448276","202",0
1442,"212","2024-09-25",0,"2.3726415094339623","503",0
1443,"235","2024-09-25",0,"2.3319148936170213","548",0
1444,"81","2024-09-22",3,"1.9135802469135802","155",0
1445,"30","2024-09-19",6,"1.3000000000000000","39",0
1446,"41","2024-09-23",2,"1.2439024390243902","51",0
1447,"196","2024-09-24",1,"2.6683673469387755","523",0
1448,"109","2024-09-25",0,"1.5321100917431193","167",0
1449,"95","2024-09-25",0,"1.7473684210526316","166",0
1450,"43","2024-08-20",36,"1.2558139534883721","54",1
1451,"92","2024-09-25",0,"3.0434782608695652","280",0
1452,"79","2024-09-25",0,"1.8227848101265823","144",0
1453,"45","2024-09-23",2,"1.1555555555555556","52",0
1454,"127","2024-09-24",1,"1.5905511811023622","202",0
1455,"49","2024-09-18",7,"1.2040816326530612","59",1
1456,"31","2024-09-18",7,"1.1612903225806452","36",1
1457,"44","2024-08-29",27,"1.1363636363636364","50",1
1458,"164","2024-09-25",0,"2.5548780487804878","419",0
1459,"31","2024-09-15",10,"1.2580645161290323","39",0
1460,"95","2024-09-25",0,"1.6421052631578947","156",0
1461,"37","2024-09-21",4,"1.1891891891891892","44",0
1462,"37","2024-07-27",60,"1.2702702702702703","47",1
1463,"29","2024-09-15",10,"1.3793103448275862","40",0
1464,"33","2024-09-16",9,"1.0909090909090909","36",0
1465,"131","2024-09-25",0,"2.6412213740458015","346",0
1466,"42","2024-08-22",34,"1.1428571428571429","48",0
1467,"86","2024-09-24",1,"2.8837209302325581","248",0
1468,"147","2024-09-25",0,"1.5102040816326531","222",0
1469,"41","2024-09-22",3,"1.2682926829268293","52",0
1470,"139","2024-09-25",0,"1.6474820143884892","229",0
1471,"90","2024-09-25",0,"1.5000000000000000","135",0
1472,"54","2024-09-16",9,"1.2777777777777778","69",1
1473,"82","2024-09-25",0,"1.6585365853658537","136",0
1474,"41","2024-09-22",3,"1.4146341463414634","58",0
1475,"92","2024-09-23",2,"1.6739130434782609","154",0
1476,"35","2024-07-14",73,"1.2000000000000000","42",1
1477,"43","2024-08-30",26,"1.1162790697674419","48",0
1478,"126","2024-09-23",2,"1.6587301587301587","209",0
1479,"121","2024-09-24",1,"1.5041322314049587","182",0
1480,"131","2024-09-24",1,"1.5648854961832061","205",0
1481,"138","2024-09-25",0,"2.4347826086956522","336",0
1482,"42","2024-07-21",66,"1.2619047619047619","53",1
1483,"75","2024-09-25",0,"1.7200000000000000","129",0
1484,"34","2024-09-20",5,"1.1764705882352941","40",0
1485,"38","2024-09-14",11,"1.1578947368421053","44",0
1486,"47","2024-08-22",34,"1.2127659574468085","57",1
1487,"97","2024-09-25",0,"1.6082474226804124","156",0
1488,"114","2024-09-21",4,"1.6315789473684211","186",0
1489,"35","2024-09-25",0,"1.2857142857142857","45",0
1490,"42","2024-09-13",12,"1.2619047619047619","53",1
1491,"39","2024-09-25",0,"1.2820512820512821","50",0
1492,"83","2024-09-25",0,"1.8072289156626506","150",0
1493,"99","2024-09-23",2,"1.5656565656565657","155",0
1494,"47","2024-09-14",11,"1.1489361702127660","54",0
1495,"118","2024-09-24",1,"1.5677966101694915","185",0
1496,"83","2024-09-25",0,"1.6506024096385542","137",0
1497,"117","2024-09-18",7,"1.7094017094017094","200",0
1498,"88","2024-09-24",1,"1.6931818181818182","149",0
1499,"33","2024-09-22",3,"1.2121212121212121","40",0
1500,"119","2024-09-24",1,"1.7478991596638655","208",0
